event_id,timestamp,instrument,h2,price_move_prob,price_direction,price_action,price_gross_bp,price_net_bp,underlying_15m_bp,m_pg,price_signal,pg_signal,price_exec,pg_exec,gex_veto_signal,delta_bp,delta_nonzero,beneficial_delta,harmful_delta,utc_date
OLD_GOLD_0000,2026-08-28 00:02:10.729049444+00:00,EURUSD,1,0.1677648003425119,0.0,0,-0.0,,-1.4587391345388667,0.12718088008382994,0,0,0,0,0,-0.0,0,0,0,2026-08-28
OLD_GOLD_0001,2026-08-28 00:03:09.774991512+00:00,USDCAD,0,0.4452552604716789,-1.0,1,-2.5630145805632942,,2.5630145805632942,0.4452552604716789,1,1,1,1,0,-0.0,0,0,0,2026-08-28
OLD_GOLD_0002,2026-08-28 00:18:06.882085085+00:00,EURUSD,1,0.2992034708306981,0.0,0,-0.0,,-1.3369096033222228,0.23583349758664224,0,0,0,0,0,-0.0,0,0,0,2026-08-28
OLD_GOLD_0003,2026-08-28 00:18:37.459609032+00:00,USDCAD,0,0.3776953403826925,1.0,0,-1.912737689724331,,-1.912737689724331,0.3776953403826925,0,0,0,0,0,-0.0,0,0,0,2026-08-28
OLD_GOLD_0004,2026-08-28 00:34:24.812240601+00:00,EURUSD,0,0.2990864801120246,0.0,0,0.0,,1.1585993820806273,0.2990864801120246,0,0,0,0,0,0.0,0,0,0,2026-08-28
OLD_GOLD_0005,2026-08-28 00:34:59.503201484+00:00,USDCAD,0,0.3190303797803865,-1.0,0,4.511602041581408,,-4.511602041581408,0.3190303797803865,0,0,0,0,0,0.0,0,0,0,2026-08-28
OLD_GOLD_0006,2026-08-28 00:53:33.805522919+00:00,EURUSD,0,0.2828618876154554,0.0,0,0.0,,0.3003428198766755,0.2828618876154554,0,0,0,0,0,0.0,0,0,0,2026-08-28
OLD_GOLD_0007,2026-08-28 00:54:07.044048071+00:00,USDCAD,0,0.4956272228599671,1.0,1,-1.3361494135033514,,-1.3361494135033514,0.4956272228599671,1,1,1,1,0,-0.0,0,0,0,2026-08-28
OLD_GOLD_0008,2026-08-28 01:12:13.960434914+00:00,EURUSD,0,0.2649774235111614,0.0,0,0.0,,0.5654735413473944,0.2649774235111614,0,0,0,0,0,0.0,0,0,0,2026-08-28
OLD_GOLD_0009,2026-08-28 01:12:54.340274572+00:00,USDCAD,1,0.3096520469251901,1.0,0,4.76526313065051,,4.76526313065051,0.24484226979505022,0,0,0,0,0,0.0,0,0,0,2026-08-28
OLD_GOLD_0010,2026-08-28 01:30:32.169524908+00:00,EURUSD,0,0.2828500987186761,0.0,0,0.0,,0.2651247496765485,0.2828500987186761,0,0,0,0,0,0.0,0,0,0,2026-08-28
OLD_GOLD_0011,2026-08-28 01:31:29.632187843+00:00,USDCAD,1,0.3805474590926823,-1.0,1,0.685164146272399,,-0.685164146272399,0.30750895148046353,1,0,1,0,1,-0.685164146272399,1,0,1,2026-08-28
OLD_GOLD_0012,2026-08-28 02:11:33.399762154+00:00,EURUSD,0,0.2199646994021664,0.0,0,0.0,,0.7859154897360554,0.2199646994021664,0,0,0,0,0,0.0,0,0,0,2026-08-28
OLD_GOLD_0013,2026-08-28 02:12:14.868551016+00:00,USDCAD,1,0.4007205827314486,1.0,1,-3.753169609920226,,-3.753169609920226,0.32584692101247326,1,0,1,0,1,3.753169609920226,1,1,0,2026-08-28
OLD_GOLD_0014,2026-08-28 02:30:58.797353029+00:00,EURUSD,0,0.2959668694608329,-1.0,0,0.2575216097644439,,-0.2575216097644439,0.2959668694608329,0,0,0,0,0,0.0,0,0,0,2026-08-28
OLD_GOLD_0015,2026-08-28 02:31:50.696333408+00:00,USDCAD,1,0.3987539635394572,1.0,1,-2.022120296236718,,-2.022120296236718,0.32404906381982357,1,0,1,0,1,2.022120296236718,1,1,0,2026-08-28
OLD_GOLD_0016,2026-08-28 02:46:58.302401781+00:00,EURUSD,1,0.2474646932798192,-1.0,0,-2.5326562412808507,,2.5326562412808507,0.19204976750458722,0,0,0,0,0,-0.0,0,0,0,2026-08-28
OLD_GOLD_0017,2026-08-28 02:47:57.144635439+00:00,USDCAD,1,0.4206254337564462,1.0,1,-1.5164793388511288,,-1.5164793388511288,0.3441685348672397,1,0,1,0,1,1.5164793388511288,1,1,0,2026-08-28
OLD_GOLD_0018,2026-08-28 03:05:04.355788708+00:00,EURUSD,1,0.2447172566229067,0.0,0,-0.0,,-0.3433240635819512,0.18976242581178082,0,0,0,0,0,-0.0,0,0,0,2026-08-28
OLD_GOLD_0019,2026-08-28 03:05:36.730480433+00:00,USDCAD,1,0.3560288833828791,-1.0,0,-1.3720580273424154,,1.3720580273424154,0.2855271377666962,0,0,0,0,0,-0.0,0,0,0,2026-08-28
OLD_GOLD_0020,2026-08-28 03:28:08.269500494+00:00,EURUSD,1,0.2828804816281958,0.0,0,-0.0,,-1.1091517819272756,0.2218731112205165,0,0,0,0,0,-0.0,0,0,0,2026-08-28
OLD_GOLD_0021,2026-08-28 03:28:47.100498438+00:00,USDCAD,1,0.2863830906973917,1.0,0,-1.877178114935152,,-1.877178114935152,0.22485718770643806,0,0,0,0,0,-0.0,0,0,0,2026-08-28
OLD_GOLD_0022,2026-08-28 03:46:36.888632059+00:00,EURUSD,1,0.2828538243095142,0.0,0,-0.0,,-1.4174408221845347,0.2218504244043164,0,0,0,0,0,-0.0,0,0,0,2026-08-28
OLD_GOLD_0023,2026-08-28 03:47:21.741549492+00:00,USDCAD,1,0.4282503640827368,1.0,1,-2.7441863139765488,,-2.7441863139765488,0.35124774005320886,1,0,1,0,1,2.7441863139765488,1,1,0,2026-08-28
OLD_GOLD_0024,2026-08-28 04:28:33.577162027+00:00,EURUSD,1,0.2566643195815758,-1.0,0,-0.4293485494444304,,0.4293485494444304,0.19973609660088087,0,0,0,0,0,-0.0,0,0,0,2026-08-28
OLD_GOLD_0025,2026-08-28 04:29:40.482182503+00:00,USDCAD,1,0.3113184605716944,1.0,0,3.3203283835137043,,3.3203283835137043,0.24628433320096663,0,0,0,0,0,0.0,0,0,0,2026-08-28
OLD_GOLD_0026,2026-08-28 04:45:53.458013773+00:00,EURUSD,0,0.1677648003425119,0.0,0,-0.0,,-1.2450573370359486,0.1677648003425119,0,0,0,0,0,-0.0,0,0,0,2026-08-28
OLD_GOLD_0027,2026-08-28 04:46:42.098456621+00:00,USDCAD,0,0.2927276812356329,-1.0,0,2.742786013285592,,-2.742786013285592,0.2927276812356329,0,0,0,0,0,0.0,0,0,0,2026-08-28
OLD_GOLD_0028,2026-08-28 05:06:08.382461786+00:00,EURUSD,0,0.2447203299458988,0.0,0,0.0,,0.0,0.2447203299458988,0,0,0,0,0,0.0,0,0,0,2026-08-28
OLD_GOLD_0029,2026-08-28 05:06:43.390282869+00:00,USDCAD,0,0.2766655975336003,0.0,0,-0.0,,-0.2881820253719525,0.2766655975336003,0,0,0,0,0,-0.0,0,0,0,2026-08-28
OLD_GOLD_0030,2026-08-28 05:28:41.777868748+00:00,EURUSD,0,0.1677648003425119,0.0,0,0.0,,0.0,0.1677648003425119,0,0,0,0,0,0.0,0,0,0,2026-08-28
OLD_GOLD_0031,2026-08-28 05:29:35.691925526+00:00,USDCAD,0,0.3762660595945141,1.0,0,-1.8044884912649104,,-1.8044884912649104,0.3762660595945141,0,0,0,0,0,-0.0,0,0,0,2026-08-28
OLD_GOLD_0032,2026-08-28 05:48:50.556386709+00:00,EURUSD,0,0.219893786621201,0.0,0,0.0,,3.2691950815988413,0.219893786621201,0,0,0,0,0,0.0,0,0,0,2026-08-28
OLD_GOLD_0033,2026-08-28 06:12:51.046565533+00:00,USDCAD,0,0.4551692273897462,-1.0,1,0.938776174514988,,-0.938776174514988,0.4551692273897462,1,1,1,1,0,0.0,0,0,0,2026-08-28
OLD_GOLD_0034,2026-08-28 06:32:58.466348648+00:00,EURUSD,0,0.3266506883536491,1.0,0,-0.6505780399512773,,-0.6505780399512773,0.3266506883536491,0,0,0,0,0,-0.0,0,0,0,2026-08-28
OLD_GOLD_0035,2026-08-28 06:33:47.854060173+00:00,USDCAD,0,0.472793177702752,1.0,1,-1.407607583014947,,-1.407607583014947,0.472793177702752,1,1,1,1,0,-0.0,0,0,0,2026-08-28
OLD_GOLD_0036,2026-08-28 06:53:43.304373026+00:00,EURUSD,0,0.3423082962880108,0.0,0,-0.0,,-1.281166105316922,0.3423082962880108,0,0,0,0,0,-0.0,0,0,0,2026-08-28
OLD_GOLD_0037,2026-08-28 07:17:15.452165604+00:00,EURUSD,0,0.2827973105054031,0.0,0,-0.0,,-0.8644513371991458,0.2827973105054031,0,0,0,0,0,-0.0,0,0,0,2026-08-28
OLD_GOLD_0038,2026-08-28 07:18:15.165248871+00:00,USDCAD,0,0.3427476888234104,1.0,0,-1.6604893211169536,,-1.6604893211169536,0.3427476888234104,0,0,0,0,0,-0.0,0,0,0,2026-08-28
OLD_GOLD_0039,2026-08-28 08:04:38.094441891+00:00,EURUSD,0,0.3829337636988868,1.0,1,-2.324614212505516,,-2.324614212505516,0.3829337636988868,1,1,1,1,0,-0.0,0,0,0,2026-08-28
OLD_GOLD_0040,2026-08-28 08:05:29.144837141+00:00,USDCAD,0,0.2909076677037495,1.0,0,0.0364378061168402,,0.0364378061168402,0.2909076677037495,0,0,0,0,0,0.0,0,0,0,2026-08-28
OLD_GOLD_0041,2026-08-28 08:44:30.901798964+00:00,EURUSD,0,0.3283336598541384,1.0,0,-0.9512546082590668,,-0.9512546082590668,0.3283336598541384,0,0,0,0,0,-0.0,0,0,0,2026-08-28
OLD_GOLD_0042,2026-08-28 08:46:32.865788698+00:00,USDCAD,0,0.4134494410466942,1.0,1,-1.76804323467894,,-1.76804323467894,0.4134494410466942,1,1,1,1,0,-0.0,0,0,0,2026-08-28
OLD_GOLD_0043,2026-08-28 09:00:26.877625942+00:00,EURUSD,0,0.276950944653379,0.0,0,-0.0,,-2.018120142556201,0.276950944653379,0,0,0,0,0,-0.0,0,0,0,2026-08-28
OLD_GOLD_0044,2026-08-28 09:31:29.519085407+00:00,USDCAD,0,0.4010023985458977,1.0,1,2.092288953026156,,2.092288953026156,0.4010023985458977,1,1,1,1,0,0.0,0,0,0,2026-08-28
OLD_GOLD_0045,2026-08-28 09:50:03.707192898+00:00,USDCAD,0,0.2866855164595972,1.0,0,1.082768384845778,,1.082768384845778,0.2866855164595972,0,0,0,0,0,0.0,0,0,0,2026-08-28
OLD_GOLD_0046,2026-08-28 10:08:54.450131416+00:00,USDCAD,0,0.4237691709617489,-1.0,1,4.077505438568885,,-4.077505438568885,0.4237691709617489,1,1,1,1,0,0.0,0,0,0,2026-08-28
OLD_GOLD_0047,2026-08-28 10:24:26.228278875+00:00,EURUSD,0,0.2827590321094719,0.0,0,0.0,,3.865414844912429,0.2827590321094719,0,0,0,0,0,0.0,0,0,0,2026-08-28
OLD_GOLD_0048,2026-08-28 10:45:33.462429523+00:00,EURUSD,0,0.2827323989335908,0.0,0,0.0,,2.239179996896823,0.2827323989335908,0,0,0,0,0,0.0,0,0,0,2026-08-28
OLD_GOLD_0049,2026-08-28 10:46:28.012018919+00:00,USDCAD,0,0.5264713288555959,1.0,1,-2.2384792032248413,,-2.2384792032248413,0.5264713288555959,1,1,1,1,0,-0.0,0,0,0,2026-08-28
OLD_GOLD_0050,2026-08-28 11:04:56.253925085+00:00,EURUSD,0,0.3127324517101783,1.0,0,-1.766527394400086,,-1.766527394400086,0.3127324517101783,0,0,0,0,0,-0.0,0,0,0,2026-08-28
OLD_GOLD_0051,2026-08-28 11:05:46.450366974+00:00,USDCAD,0,0.2634772352147846,-1.0,0,-2.5282199246401404,,2.5282199246401404,0.2634772352147846,0,0,0,0,0,-0.0,0,0,0,2026-08-28
OLD_GOLD_0052,2026-08-28 11:25:54.631567001+00:00,EURUSD,0,0.2648749804185357,0.0,0,0.0,,1.9814916676197392,0.2648749804185357,0,0,0,0,0,0.0,0,0,0,2026-08-28
OLD_GOLD_0053,2026-08-28 11:26:32.025364399+00:00,USDCAD,0,0.3750948530155442,1.0,0,-2.2754872778840696,,-2.2754872778840696,0.3750948530155442,0,0,0,0,0,-0.0,0,0,0,2026-08-28
OLD_GOLD_0054,2026-08-28 11:45:19.234284639+00:00,EURUSD,0,0.3553058384698534,0.0,0,-0.0,,-2.8761042952685223,0.3553058384698534,0,0,0,0,0,-0.0,0,0,0,2026-08-28
OLD_GOLD_0055,2026-08-28 11:46:00.595854282+00:00,USDCAD,0,0.4943263070976172,-1.0,1,-2.4192371044340355,,2.4192371044340355,0.4943263070976172,1,1,1,1,0,-0.0,0,0,0,2026-08-28
OLD_GOLD_0056,2026-08-28 12:08:44.076063395+00:00,EURUSD,0,0.3570214794497184,-1.0,0,0.6823827674440341,,-0.6823827674440341,0.3570214794497184,0,0,0,0,0,0.0,0,0,0,2026-08-28
OLD_GOLD_0057,2026-08-28 12:09:26.205656052+00:00,USDCAD,0,0.3898901307135888,1.0,1,-3.681100488875933,,-3.681100488875933,0.3898901307135888,1,1,1,1,0,-0.0,0,0,0,2026-08-28
OLD_GOLD_0058,2026-08-28 12:30:15.987284899+00:00,EURUSD,0,0.2648640982613328,0.0,0,-0.0,,-3.750934148398777,0.2648640982613328,0,0,0,0,0,-0.0,0,0,0,2026-08-28
OLD_GOLD_0059,2026-08-28 12:30:59.532772064+00:00,USDCAD,0,0.2922515694201686,1.0,0,0.613378343532478,,0.613378343532478,0.2922515694201686,0,0,0,0,0,0.0,0,0,0,2026-08-28
OLD_GOLD_0060,2026-08-28 12:48:22.347591162+00:00,EURUSD,0,0.3575355993060759,1.0,0,5.375234118127903,,5.375234118127903,0.3575355993060759,0,0,0,0,0,0.0,0,0,0,2026-08-28
OLD_GOLD_0061,2026-08-28 12:50:29.616192102+00:00,USDCAD,0,0.4742784328924116,1.0,1,-2.598321766181799,,-2.598321766181799,0.4742784328924116,1,1,1,1,0,-0.0,0,0,0,2026-08-28
OLD_GOLD_0062,2026-08-28 13:05:44.441790104+00:00,EURUSD,0,0.4071969317722849,-1.0,1,2.017721605934719,,-2.017721605934719,0.4071969317722849,1,1,1,1,0,0.0,0,0,0,2026-08-28
OLD_GOLD_0063,2026-08-28 13:07:15.396933317+00:00,USDCAD,0,0.2945087356529208,1.0,0,-5.196551359119006,,-5.196551359119006,0.2945087356529208,0,0,0,0,0,-0.0,0,0,0,2026-08-28
OLD_GOLD_0064,2026-08-28 13:22:22.264987945+00:00,EURUSD,0,0.295955727392872,1.0,0,-4.390595758324567,,-4.390595758324567,0.295955727392872,0,0,0,0,0,-0.0,0,0,0,2026-08-28
OLD_GOLD_0065,2026-08-28 13:23:08.120692492+00:00,USDCAD,0,0.5119826161453072,-1.0,1,-0.7936220015536399,,0.7936220015536399,0.5119826161453072,1,1,1,1,0,-0.0,0,0,0,2026-08-28
OLD_GOLD_0066,2026-08-28 13:49:10.814508200+00:00,EURUSD,0,0.3567275497239318,1.0,0,-8.3926429728709,,-8.3926429728709,0.3567275497239318,0,0,0,0,0,-0.0,0,0,0,2026-08-28
OLD_GOLD_0067,2026-08-28 13:50:06.905399799+00:00,USDCAD,0,0.6036992641776215,1.0,1,8.370122596581542,,8.370122596581542,0.6036992641776215,1,1,1,1,0,0.0,0,0,0,2026-08-28
OLD_GOLD_0068,2026-08-28 14:06:38.909846067+00:00,EURUSD,0,0.9900746166664331,-1.0,1,9.772839289415858,,-9.772839289415858,0.9900746166664331,1,1,1,1,0,0.0,0,0,0,2026-08-28
OLD_GOLD_0069,2026-08-28 14:07:19.121626854+00:00,USDCAD,0,0.919870091092669,1.0,1,3.3133000377794097,,3.3133000377794097,0.919870091092669,1,1,1,1,0,0.0,0,0,0,2026-08-28
OLD_GOLD_0070,2026-08-28 14:24:26.032033682+00:00,USDCAD,0,0.46633866864786,1.0,1,-6.696686806784147,,-6.696686806784147,0.46633866864786,1,1,1,1,0,-0.0,0,0,0,2026-08-28
OLD_GOLD_0071,2026-08-28 14:47:05.114290714+00:00,EURUSD,0,0.6547493521861973,1.0,1,8.444381255197086,,8.444381255197086,0.6547493521861973,1,1,1,1,0,0.0,0,0,0,2026-08-28
OLD_GOLD_0072,2026-08-28 14:48:08.488269091+00:00,USDCAD,0,0.8273226106928125,1.0,1,-2.591972572425494,,-2.591972572425494,0.8273226106928125,1,1,1,1,0,-0.0,0,0,0,2026-08-28
OLD_GOLD_0073,2026-08-28 15:03:09.873203516+00:00,EURUSD,0,0.699491052507882,0.0,1,-0.0,,-6.589226889331945,0.699491052507882,1,1,1,1,0,-0.0,0,0,0,2026-08-28
OLD_GOLD_0074,2026-08-28 15:04:09.574350119+00:00,USDCAD,0,0.4550382827467948,1.0,1,4.932498302177013,,4.932498302177013,0.4550382827467948,1,1,1,1,0,0.0,0,0,0,2026-08-28
OLD_GOLD_0075,2026-08-28 17:23:48.969244242+00:00,EURUSD,0,0.4281232627129069,1.0,1,-1.9907229285986985,,-1.9907229285986985,0.4281232627129069,1,1,1,1,0,-0.0,0,0,0,2026-08-28
OLD_GOLD_0076,2026-08-28 17:24:49.018542767+00:00,USDCAD,1,0.5294193856645351,1.0,1,2.337941899861473,,2.337941899861473,0.4484952657461644,1,1,1,1,0,0.0,0,0,0,2026-08-28
OLD_GOLD_0077,2026-08-28 17:39:21.368157148+00:00,EURUSD,0,0.3429720488497971,-1.0,0,2.1152326971807245,,-2.1152326971807245,0.3429720488497971,0,0,0,0,0,0.0,0,0,0,2026-08-28
OLD_GOLD_0078,2026-08-28 17:40:23.318540096+00:00,USDCAD,1,0.4439090568648855,1.0,1,1.006253190536377,,1.006253190536377,0.36589270145128505,1,0,1,0,1,-1.006253190536377,1,0,1,2026-08-28
OLD_GOLD_0079,2026-08-28 17:56:46.903032780+00:00,EURUSD,0,0.3665570250735442,0.0,0,0.0,,0.7771886495899771,0.3665570250735442,0,0,0,0,0,0.0,0,0,0,2026-08-28
OLD_GOLD_0080,2026-08-28 18:41:02.435033560+00:00,EURUSD,0,0.3117929372288369,-1.0,0,-0.3022504706473583,,0.3022504706473583,0.3117929372288369,0,0,0,0,0,-0.0,0,0,0,2026-08-28
OLD_GOLD_0081,2026-08-31 05:45:05.678798437+00:00,EURUSD,0,0.2790991451392418,1.0,0,1.3328450569982664,,1.3328450569982664,0.2790991451392418,0,0,0,0,0,0.0,0,0,0,2026-08-31
OLD_GOLD_0082,2026-08-31 05:45:37.504948854+00:00,USDCAD,1,0.6111784433035194,-1.0,1,3.6704370331830383,,-3.6704370331830383,0.5318823163455549,1,1,1,1,0,0.0,0,0,0,2026-08-31
OLD_GOLD_0083,2026-08-31 09:06:31.600378513+00:00,USDCAD,0,0.6088308303548157,1.0,1,-0.9362912543131596,,-0.9362912543131596,0.6088308303548157,1,1,1,1,0,-0.0,0,0,0,2026-08-31
OLD_GOLD_0084,2026-08-31 09:34:15.888900757+00:00,USDCAD,0,0.1741275659055629,1.0,0,-2.625743996002017,,-2.625743996002017,0.1741275659055629,0,0,0,0,0,-0.0,0,0,0,2026-08-31
OLD_GOLD_0085,2026-08-31 09:48:09.775170565+00:00,EURUSD,0,0.2808410802801382,0.0,0,0.0,,1.3821503337596577,0.2808410802801382,0,0,0,0,0,0.0,0,0,0,2026-08-31
OLD_GOLD_0086,2026-08-31 09:49:47.045634508+00:00,USDCAD,0,0.6541122224175376,-1.0,1,2.7712258140499824,,-2.7712258140499824,0.6541122224175376,1,1,1,1,0,0.0,0,0,0,2026-08-31
OLD_GOLD_0087,2026-08-31 10:05:38.801506281+00:00,EURUSD,0,0.4334438575452106,1.0,1,-0.0862042955585007,,-0.0862042955585007,0.4334438575452106,1,1,1,1,0,-0.0,0,0,0,2026-08-31
OLD_GOLD_0088,2026-08-31 10:07:00.280880451+00:00,USDCAD,0,0.3213181344435158,-1.0,0,1.1522661107210563,,-1.1522661107210563,0.3213181344435158,0,0,0,0,0,0.0,0,0,0,2026-08-31
OLD_GOLD_0089,2026-08-31 10:24:17.439673424+00:00,EURUSD,0,0.3685375555927104,1.0,0,-1.3397358858413533,,-1.3397358858413533,0.3685375555927104,0,0,0,0,0,-0.0,0,0,0,2026-08-31
OLD_GOLD_0090,2026-08-31 10:51:14.213873625+00:00,EURUSD,0,0.3612876654027956,0.0,0,-0.0,,-0.4742462717766127,0.3612876654027956,0,0,0,0,0,-0.0,0,0,0,2026-08-31
OLD_GOLD_0091,2026-08-31 10:52:28.640480757+00:00,USDCAD,0,0.2420947057938743,-1.0,0,-3.059580347188895,,3.059580347188895,0.2420947057938743,0,0,0,0,0,-0.0,0,0,0,2026-08-31
OLD_GOLD_0092,2026-08-31 11:06:47.277855396+00:00,EURUSD,0,0.3975023628685047,-1.0,1,-4.055373058149403,,4.055373058149403,0.3975023628685047,1,1,1,1,0,-0.0,0,0,0,2026-08-31
OLD_GOLD_0093,2026-08-31 11:38:42.678281546+00:00,USDCAD,0,0.2212508767598078,1.0,0,-1.0804756690963035,,-1.0804756690963035,0.2212508767598078,0,0,0,0,0,-0.0,0,0,0,2026-08-31
OLD_GOLD_0094,2026-08-31 14:07:14.840346575+00:00,EURUSD,0,0.6617398592467487,1.0,1,2.801881139893325,,2.801881139893325,0.6617398592467487,1,1,1,1,0,0.0,0,0,0,2026-08-31
OLD_GOLD_0095,2026-08-31 14:08:57.033437490+00:00,USDCAD,0,0.3836345261949539,-1.0,1,6.379621542933478,,-6.379621542933478,0.3836345261949539,1,1,1,1,0,0.0,0,0,0,2026-08-31
OLD_GOLD_0096,2026-08-31 14:36:13.301862240+00:00,EURUSD,0,0.4237919135279517,-1.0,1,-4.659110585409909,,4.659110585409909,0.4237919135279517,1,1,1,1,0,-0.0,0,0,0,2026-08-31
OLD_GOLD_0097,2026-08-31 14:37:43.115259647+00:00,USDCAD,0,0.3303032015198254,1.0,0,-8.25476468436781,,-8.25476468436781,0.3303032015198254,0,0,0,0,0,-0.0,0,0,0,2026-08-31
OLD_GOLD_0098,2026-08-31 14:55:25.333723307+00:00,EURUSD,0,0.7662655391747971,1.0,1,2.497193249457741,,2.497193249457741,0.7662655391747971,1,1,1,1,0,0.0,0,0,0,2026-08-31
OLD_GOLD_0099,2026-08-31 14:56:54.880846500+00:00,USDCAD,0,0.780415240489897,-1.0,1,-0.0721537917036663,,0.0721537917036663,0.780415240489897,1,1,1,1,0,-0.0,0,0,0,2026-08-31
OLD_GOLD_0100,2026-08-31 15:12:18.719412327+00:00,EURUSD,0,0.646995866299969,-1.0,1,-1.333537833902998,,1.333537833902998,0.646995866299969,1,1,1,1,0,-0.0,0,0,0,2026-08-31
OLD_GOLD_0101,2026-08-31 15:34:38.863278866+00:00,EURUSD,0,0.4065009623119349,1.0,1,1.89521584759822,,1.89521584759822,0.4065009623119349,1,1,1,1,0,0.0,0,0,0,2026-08-31
OLD_GOLD_0102,2026-08-31 15:37:32.728781939+00:00,USDCAD,0,0.2398126875656187,-1.0,0,1.515221179447801,,-1.515221179447801,0.2398126875656187,0,0,0,0,0,0.0,0,0,0,2026-08-31
OLD_GOLD_0103,2026-08-31 15:53:10.953112364+00:00,EURUSD,0,0.3235209718476494,0.0,0,-0.0,,-1.6783289008237556,0.3235209718476494,0,0,0,0,0,-0.0,0,0,0,2026-08-31
OLD_GOLD_0104,2026-08-31 15:54:46.686231136+00:00,USDCAD,0,0.2219220670751287,1.0,0,-2.77819051704431,,-2.77819051704431,0.2219220670751287,0,0,0,0,0,-0.0,0,0,0,2026-08-31
OLD_GOLD_0105,2026-08-31 16:13:09.091904163+00:00,EURUSD,0,0.3044977539438674,-1.0,0,-0.1291238943745831,,0.1291238943745831,0.3044977539438674,0,0,0,0,0,-0.0,0,0,0,2026-08-31
OLD_GOLD_0106,2026-08-31 16:15:24.350213051+00:00,USDCAD,0,0.640929524445567,1.0,1,2.7055014229593333,,2.7055014229593333,0.640929524445567,1,1,1,1,0,0.0,0,0,0,2026-08-31
OLD_GOLD_0107,2026-08-31 16:29:39.154482603+00:00,EURUSD,0,0.3236195252926611,0.0,0,-0.0,,-2.5394037996362417,0.3236195252926611,0,0,0,0,0,-0.0,0,0,0,2026-08-31
OLD_GOLD_0108,2026-08-31 16:31:19.851575613+00:00,USDCAD,0,0.3481788833748927,1.0,0,-2.235695255577985,,-2.235695255577985,0.3481788833748927,0,0,0,0,0,-0.0,0,0,0,2026-08-31
OLD_GOLD_0109,2026-08-31 16:49:55.057909012+00:00,EURUSD,0,0.1999270784414838,0.0,0,0.0,,2.3683942591534723,0.1999270784414838,0,0,0,0,0,0.0,0,0,0,2026-08-31
OLD_GOLD_0110,2026-08-31 16:51:37.491270065+00:00,USDCAD,0,0.2942178233395842,-1.0,0,-0.756440599183339,,0.756440599183339,0.2942178233395842,0,0,0,0,0,-0.0,0,0,0,2026-08-31
OLD_GOLD_0111,2026-08-31 17:06:45.381718159+00:00,EURUSD,0,0.3045235104416409,-1.0,0,-1.6788129501033031,,1.6788129501033031,0.3045235104416409,0,0,0,0,0,-0.0,0,0,0,2026-08-31
OLD_GOLD_0112,2026-08-31 17:08:17.613603115+00:00,USDCAD,0,0.4642604222505684,-1.0,1,-0.2889335549349781,,0.2889335549349781,0.4642604222505684,1,1,1,1,0,-0.0,0,0,0,2026-08-31
OLD_GOLD_0113,2026-08-31 17:25:11.602267504+00:00,EURUSD,0,0.3030633201388263,0.0,0,-0.0,,-2.325263923107501,0.3030633201388263,0,0,0,0,0,-0.0,0,0,0,2026-08-31
OLD_GOLD_0114,2026-08-31 17:27:52.216250896+00:00,USDCAD,1,0.3981280607334645,-1.0,1,1.8043700058345544,,-1.8043700058345544,0.3234773339102866,1,0,1,0,1,-1.8043700058345544,1,0,1,2026-08-31
OLD_GOLD_0115,2026-08-31 17:43:51.098645210+00:00,EURUSD,0,0.3045410041004972,1.0,0,0.8184071201688958,,0.8184071201688958,0.3045410041004972,0,0,0,0,0,0.0,0,0,0,2026-08-31
OLD_GOLD_0116,2026-08-31 17:45:18.010140181+00:00,USDCAD,1,0.4501913392165795,-1.0,1,-5.557699149216777,,5.557699149216777,0.37180909776749704,1,0,1,0,1,5.557699149216777,1,1,0,2026-08-31
OLD_GOLD_0117,2026-08-31 18:03:51.512241839+00:00,EURUSD,0,0.3045069555910499,-1.0,0,-2.540294739814541,,2.540294739814541,0.3045069555910499,0,0,0,0,0,-0.0,0,0,0,2026-08-31
OLD_GOLD_0118,2026-08-31 18:05:28.502163887+00:00,USDCAD,1,0.2953417426646216,1.0,0,-2.848989154339288,,-2.848989154339288,0.23251829516689848,0,0,0,0,0,-0.0,0,0,0,2026-08-31
OLD_GOLD_0119,2026-08-31 18:20:36.650885582+00:00,EURUSD,0,0.2518960729147015,-1.0,0,0.9468922565714076,,-0.9468922565714076,0.2518960729147015,0,0,0,0,0,0.0,0,0,0,2026-08-31
OLD_GOLD_0120,2026-08-31 18:23:12.248116493+00:00,USDCAD,1,0.1633939670099078,-1.0,0,0.2166301168293749,,-0.2166301168293749,0.12371022078949764,0,0,0,0,0,0.0,0,0,0,2026-08-31
OLD_GOLD_0121,2026-08-31 18:41:39.319449902+00:00,EURUSD,0,0.3971202514945491,0.0,1,0.0,,0.7753554415823594,0.3971202514945491,1,1,1,1,0,0.0,0,0,0,2026-08-31
OLD_GOLD_0122,2026-08-31 18:43:55.268878698+00:00,USDCAD,1,0.5952194812735239,1.0,1,-3.2467523670909326,,-3.2467523670909326,0.5152500934577627,1,1,1,1,0,-0.0,0,0,0,2026-08-31
OLD_GOLD_0123,2026-08-31 19:02:10.074594498+00:00,EURUSD,1,0.3690386799450282,-1.0,0,-0.0,,0.0,0.2971494599793531,0,0,0,0,0,-0.0,0,0,0,2026-08-31
OLD_GOLD_0124,2026-08-31 19:04:28.030597687+00:00,USDCAD,1,0.3255094069209974,-1.0,0,-1.1545137119473026,,1.1545137119473026,0.25862406883329403,0,0,0,0,0,-0.0,0,0,0,2026-08-31
OLD_GOLD_0125,2026-08-31 19:20:28.135184288+00:00,EURUSD,1,0.2811696289589808,0.0,0,-0.0,,-0.0424894758321858,0.22041782040903599,0,0,0,0,0,-0.0,0,0,0,2026-08-31
OLD_GOLD_0126,2026-08-31 19:22:34.458611250+00:00,USDCAD,1,0.375459598423606,1.0,0,-1.1546294780995223,,-1.1546294780995223,0.30292007696388795,0,0,0,0,0,-0.0,0,0,0,2026-08-31
OLD_GOLD_0127,2026-08-31 19:42:20.681101799+00:00,EURUSD,1,0.3747789841686667,-1.0,0,-1.1627521333767987,,1.1627521333767987,0.30230730837616204,0,0,0,0,0,-0.0,0,0,0,2026-08-31
OLD_GOLD_0128,2026-08-31 19:44:30.241375923+00:00,USDCAD,1,0.3127167332415815,1.0,0,0.6848746990462118,,0.6848746990462118,0.24749548094087823,0,0,0,0,0,0.0,0,0,0,2026-08-31
OLD_GOLD_0129,2026-08-31 19:59:55.199649096+00:00,EURUSD,1,0.3288804291080242,-1.0,0,-0.0866409409616686,,0.0866409409616686,0.26157103957696615,0,0,0,0,0,-0.0,0,0,0,2026-08-31
OLD_GOLD_0130,2026-08-31 20:01:31.060600996+00:00,USDCAD,0,0.5079327001066928,1.0,1,3.60799338056772,,3.60799338056772,0.5079327001066928,1,1,1,1,0,0.0,0,0,0,2026-08-31
OLD_GOLD_0131,2026-08-31 20:21:33.897050858+00:00,USDCAD,0,0.5660823234363122,-1.0,1,5.879044844420145,,-5.879044844420145,0.5660823234363122,1,1,1,1,0,0.0,0,0,0,2026-08-31
OLD_GOLD_0132,2026-08-31 21:09:59.533086300+00:00,EURUSD,1,0.5014006955553002,-1.0,1,-1.0336232965246772,,1.0336232965246772,0.4209284628088544,1,1,1,1,0,-0.0,0,0,0,2026-08-31
OLD_GOLD_0133,2026-08-31 21:11:22.894632101+00:00,USDCAD,0,0.4891142337696565,-1.0,1,0.5771583298663785,,-0.5771583298663785,0.4891142337696565,1,1,1,1,0,0.0,0,0,0,2026-08-31
OLD_GOLD_0134,2026-08-31 21:26:13.124957085+00:00,EURUSD,1,0.2800062610428597,1.0,0,1.1620850388016637,,1.1620850388016637,0.21942908742599315,0,0,0,0,0,0.0,0,0,0,2026-08-31
OLD_GOLD_0135,2026-08-31 21:27:47.434901714+00:00,USDCAD,0,0.4935223476414405,-1.0,1,1.0467576383699218,,-1.0467576383699218,0.4935223476414405,1,1,1,1,0,0.0,0,0,0,2026-08-31
OLD_GOLD_0136,2026-08-31 23:01:45.823142052+00:00,EURUSD,1,0.3690013044269086,-1.0,0,1.1618208926555962,,-1.1618208926555962,0.29711593677580445,0,0,0,0,0,0.0,0,0,0,2026-08-31
OLD_GOLD_0137,2026-08-31 23:20:25.590277910+00:00,EURUSD,1,0.2518193940804675,1.0,0,1.5502789513610615,,1.5502789513610615,0.1956828873502589,0,0,0,0,0,0.0,0,0,0,2026-08-31
OLD_GOLD_0138,2026-08-31 23:41:29.407227278+00:00,EURUSD,1,0.3273507188541483,-1.0,0,-2.6694227065893195,,2.6694227065893195,0.2602330058080927,0,0,0,0,0,-0.0,0,0,0,2026-08-31
OLD_GOLD_0139,2026-08-31 23:57:29.618954182+00:00,EURUSD,1,0.2796773887972671,-1.0,0,-3.9612412196654567,,3.9612412196654567,0.21914970800841546,0,0,0,0,0,-0.0,0,0,0,2026-08-31
OLD_GOLD_0140,2026-08-31 23:59:04.655884981+00:00,USDCAD,0,0.2966851575968279,-1.0,0,4.222859628996156,,-4.222859628996156,0.2966851575968279,0,0,0,0,0,0.0,0,0,0,2026-08-31
OLD_GOLD_0141,2026-09-01 00:14:20.323522568+00:00,EURUSD,1,0.3324649466035668,0.0,0,0.0,,1.8071667068264567,0.2647113034721905,0,0,0,0,0,0.0,0,0,0,2026-09-01
OLD_GOLD_0142,2026-09-01 00:16:02.768525124+00:00,USDCAD,0,0.3935592543341314,1.0,1,-1.444221913852184,,-1.444221913852184,0.3935592543341314,1,1,1,1,0,-0.0,0,0,0,2026-09-01
OLD_GOLD_0143,2026-09-01 01:22:47.197732687+00:00,EURUSD,1,0.3428177172572328,-1.0,0,0.3449426393897781,,-0.3449426393897781,0.2738196980291994,0,0,0,0,0,0.0,0,0,0,2026-09-01
OLD_GOLD_0144,2026-09-01 01:24:11.231901884+00:00,USDCAD,0,0.4345014187346835,1.0,1,-2.2731290082622646,,-2.2731290082622646,0.4345014187346835,1,1,1,1,0,-0.0,0,0,0,2026-09-01
OLD_GOLD_0145,2026-09-01 01:39:12.066318035+00:00,EURUSD,1,0.3459594458106745,0.0,0,-0.0,,-1.893359859798105,0.2765952334605431,0,0,0,0,0,-0.0,0,0,0,2026-09-01
OLD_GOLD_0146,2026-09-01 01:40:52.977304459+00:00,USDCAD,1,0.49533666515308,-1.0,1,-2.88670199071861,,2.88670199071861,0.4150275610719125,1,1,1,1,0,-0.0,0,0,0,2026-09-01
OLD_GOLD_0147,2026-09-01 03:20:30.174434185+00:00,EURUSD,1,0.3106978074193662,-1.0,0,-0.127716981301873,,0.127716981301873,0.24574706860339818,0,0,0,0,0,-0.0,0,0,0,2026-09-01
OLD_GOLD_0148,2026-09-01 03:22:09.311300755+00:00,USDCAD,1,0.2639890292792215,1.0,0,-0.2882805675441524,,-0.2882805675441524,0.2058861650665533,0,0,0,0,0,-0.0,0,0,0,2026-09-01
OLD_GOLD_0149,2026-09-01 04:45:51.592391968+00:00,EURUSD,1,0.2737073885038297,1.0,0,1.249472205706592,,1.249472205706592,0.21408772904216275,0,0,0,0,0,0.0,0,0,0,2026-09-01
OLD_GOLD_0150,2026-09-01 04:46:50.529260635+00:00,USDCAD,1,0.4880550555828954,-1.0,1,3.78453470143425,,-3.78453470143425,0.40797214329981013,1,1,1,1,0,0.0,0,0,0,2026-09-01
OLD_GOLD_0151,2026-09-01 05:01:15.516043425+00:00,EURUSD,0,0.2929467024493317,1.0,0,0.3877187918677194,,0.3877187918677194,0.2929467024493317,0,0,0,0,0,0.0,0,0,0,2026-09-01
OLD_GOLD_0152,2026-09-01 05:09:17.499727011+00:00,USDCAD,0,0.497012190749874,-1.0,1,-0.9371446238781722,,0.9371446238781722,0.497012190749874,1,1,1,1,0,-0.0,0,0,0,2026-09-01
OLD_GOLD_0153,2026-09-01 05:19:01.062871695+00:00,EURUSD,0,0.3031215458396432,0.0,0,0.0,,0.7323293241912054,0.3031215458396432,0,0,0,0,0,0.0,0,0,0,2026-09-01
OLD_GOLD_0154,2026-09-01 05:28:36.259856462+00:00,USDCAD,0,0.4144027324967493,-1.0,1,-1.695200416622633,,1.695200416622633,0.4144027324967493,1,1,1,1,0,-0.0,0,0,0,2026-09-01
OLD_GOLD_0155,2026-09-01 05:35:14.261016846+00:00,EURUSD,0,0.2522083905921243,0.0,0,0.0,,1.2491761898414389,0.2522083905921243,0,0,0,0,0,0.0,0,0,0,2026-09-01
OLD_GOLD_0156,2026-09-01 05:44:50.792917490+00:00,USDCAD,0,0.3657187686470846,1.0,0,0.2886044528827014,,0.2886044528827014,0.3657187686470846,0,0,0,0,0,0.0,0,0,0,2026-09-01
OLD_GOLD_0157,2026-09-01 05:51:27.941058874+00:00,EURUSD,0,0.3107100697726125,1.0,0,-1.421298808694793,,-1.421298808694793,0.3107100697726125,0,0,0,0,0,-0.0,0,0,0,2026-09-01
OLD_GOLD_0158,2026-09-01 06:00:47.469159365+00:00,USDCAD,0,0.3603639058017878,1.0,0,-2.7760249824804184,,-2.7760249824804184,0.3603639058017878,0,0,0,0,0,-0.0,0,0,0,2026-09-01
OLD_GOLD_0159,2026-09-01 06:06:59.276318550+00:00,EURUSD,0,0.3500973592006197,1.0,0,-0.9552529489476048,,-0.9552529489476048,0.3500973592006197,0,0,0,0,0,-0.0,0,0,0,2026-09-01
OLD_GOLD_0160,2026-09-01 06:22:25.634338856+00:00,USDCAD,0,0.4087354658804296,1.0,1,2.163566326689459,,2.163566326689459,0.4087354658804296,1,1,1,1,0,0.0,0,0,0,2026-09-01
OLD_GOLD_0161,2026-09-01 06:30:20.197839975+00:00,EURUSD,0,0.3832454690474174,-1.0,1,-0.2154745179838713,,0.2154745179838713,0.3832454690474174,1,1,1,1,0,-0.0,0,0,0,2026-09-01
OLD_GOLD_0162,2026-09-01 06:50:53.755437613+00:00,EURUSD,0,0.2873253637940032,0.0,0,0.0,,1.4626655105343112,0.2873253637940032,0,0,0,0,0,0.0,0,0,0,2026-09-01
OLD_GOLD_0163,2026-09-01 07:07:18.624050856+00:00,EURUSD,0,0.3349257674976197,-1.0,0,2.459839454768132,,-2.459839454768132,0.3349257674976197,0,0,0,0,0,0.0,0,0,0,2026-09-01
OLD_GOLD_0164,2026-09-01 07:07:52.135354519+00:00,USDCAD,0,0.4444226453659239,1.0,1,0.0364621906445705,,0.0364621906445705,0.4444226453659239,1,1,1,1,0,0.0,0,0,0,2026-09-01
OLD_GOLD_0165,2026-09-01 07:24:22.372357845+00:00,EURUSD,0,0.3519957968454398,-1.0,0,3.017579556328087,,-3.017579556328087,0.3519957968454398,0,0,0,0,0,0.0,0,0,0,2026-09-01
OLD_GOLD_0166,2026-09-01 07:25:20.875612020+00:00,USDCAD,0,0.5768568309220892,1.0,1,3.2808857584587514,,3.2808857584587514,0.5768568309220892,1,1,1,1,0,0.0,0,0,0,2026-09-01
