date,ts,instrument,ret5,rv15,gex_velocity,y,label,absret5,inst_usdcad,H2,m_P,m_P_simple,entry,exitA,exitB,ret_bp_A,ret_bp_B,dir,z_A,z_B
2026-08-28,1787875330.7290494,EURUSD,0.0,0.0,-0.0005794,0,FLAT,0.0,0,True,0.1677648003425119,0.35,1.16539,1.16522,1.16522,-1.4587391345388667,-1.4587391345388667,0.0,-0.0,-0.0
2026-08-28,1787875389.7749915,USDCAD,-0.0002960278263988,0.0005377566209867,2.63e-05,1,UP,0.0002960278263988,1,False,0.4452552604716789,0.3620689655172414,1.38507,1.3854249954605102,1.385165,2.5630145805632942,0.685885911904105,-1.0,-2.5630145805632942,-0.685885911904105
2026-08-28,1787876286.882085,EURUSD,0.0,0.000260775446971,-0.0006596,0,FLAT,0.0,0,True,0.2992034708306981,0.35,1.16522,1.1650642206192017,1.1652,-1.3369096033222228,-0.17164140677206063,0.0,-0.0,-0.0
2026-08-28,1787876317.459609,USDCAD,0.0002598905314336,0.0004475506423829,1.73e-05,0,FLAT,0.0002598905314336,1,False,0.3776953403826925,0.3620689655172414,1.3854249954605102,1.38516,1.3851700135803222,-1.912737689724331,-1.8404596497356707,1.0,-1.912737689724331,-1.8404596497356707
2026-08-28,1787877264.8122406,EURUSD,0.0,0.0002605815452729,-0.0007226,0,FLAT,0.0,0,False,0.2990864801120246,0.35,1.1652,1.165335,1.165335,1.1585993820806273,1.1585993820806273,0.0,0.0,0.0
2026-08-28,1787877299.5032015,USDCAD,-7.22910836177083e-06,0.0004059062811749,-1.02e-05,1,DOWN,7.22910836177083e-06,1,False,0.3190303797803865,0.3620689655172414,1.3851700135803222,1.3845450799942016,1.3848950784683227,-4.511602041581408,-1.9848474144257278,-1.0,4.511602041581408,1.9848474144257278
2026-08-28,1787878413.805523,EURUSD,0.0,0.0002332488336638,-0.000755,0,FLAT,0.0,0,False,0.2828618876154554,0.35,1.165335,1.16537,1.16537,0.30034281987667555,0.30034281987667555,0.0,0.0,0.0
2026-08-28,1787878447.044048,USDCAD,0.0001443792261441,0.0006370773003175,-3.72e-05,1,DOWN,0.0001443792261441,1,False,0.4956272228599671,0.3620689655172414,1.3847449939727785,1.3845599713516237,1.384929996986389,-1.3361494135033514,1.3360078167168332,1.0,-1.3361494135033514,1.3360078167168332
2026-08-28,1787879533.960435,EURUSD,0.0,0.0002019933482771,-0.0007755,0,FLAT,0.0,0,False,0.2649774235111614,0.35,1.16537,1.165435898590088,1.165435898590088,0.5654735413473944,0.5654735413473944,0.0,0.0,0.0
2026-08-28,1787879574.3402746,USDCAD,2.168998769671231e-05,0.000388019910607,-5.38e-05,1,UP,2.168998769671231e-05,1,True,0.3096520469251901,0.3620689655172414,1.38502,1.3856799984741213,1.3856599713134767,4.76526313065051,4.620664780845551,1.0,4.76526313065051,4.620664780845551
2026-08-28,1787880632.169525,EURUSD,0.0,0.000233228638773,-0.0007717,0,FLAT,0.0,0,False,0.2828500987186761,0.35,1.165435898590088,1.1654667971801758,1.165330898590088,0.26512474967654853,-0.9009504523316281,0.0,0.0,-0.0
2026-08-28,1787880689.6321878,USDCAD,-2.167934332399684e-05,0.0004973144043203,-6.47e-05,0,FLAT,2.167934332399684e-05,1,True,0.3805474590926823,0.3620689655172414,1.385669984893799,1.3855750437545775,1.385455,-0.685164146272399,-1.5514869784483132,-1.0,0.685164146272399,1.5514869784483132
2026-08-28,1787883093.3997622,EURUSD,0.0,0.000116644847666,-0.0007891,0,FLAT,0.0,0,False,0.2199646994021664,0.35,1.164995,1.1650865587615966,1.1649507793807985,0.7859154897360554,-0.3795777595738681,0.0,0.0,-0.0
2026-08-28,1787883134.868551,USDCAD,3.605492682083973e-05,0.0005240190108161,-7.28e-05,1,DOWN,3.605492682083973e-05,1,True,0.4007205827314486,0.3620689655172414,1.3853749592590332,1.3848550045394896,1.3848550045394896,-3.753169609920226,-3.753169609920226,1.0,-3.753169609920226,-3.753169609920226
2026-08-28,1787884258.797353,EURUSD,-0.0001165469571919,0.0002331074995562,-0.000789,0,FLAT,0.0001165469571919,0,False,0.2959668694608329,0.35,1.1649507793807985,1.1649207793807983,1.164785,-0.25752160976444394,-1.423059100288393,-1.0,0.25752160976444394,1.423059100288393
2026-08-28,1787884310.6963334,USDCAD,0.000310553374634,0.0004686783772896,-6.7e-05,0,FLAT,0.000310553374634,1,True,0.3987539635394572,0.3620689655172414,1.3851850950622555,1.3849049939727784,1.3850550784683229,-2.022120296236718,-0.9386225306362572,1.0,-2.022120296236718,-0.9386225306362572
2026-08-28,1787885218.3024018,EURUSD,-0.0001165635439065,0.0001477604872887,-0.0006493,1,UP,0.0001165635439065,0,True,0.2474646932798192,0.35,1.164785,1.16508,1.16508,2.5326562412808507,2.5326562412808507,-1.0,-2.5326562412808507,-2.5326562412808507
2026-08-28,1787885277.1446354,USDCAD,0.0001805875279722,0.0005249632857741,-6.21e-05,0,FLAT,0.0001805875279722,1,True,0.4206254337564462,0.3620689655172414,1.3850550784683229,1.384845037727356,1.3848550513076785,-1.5164793388511288,-1.4441819950261614,1.0,-1.5164793388511288,-1.4441819950261614
2026-08-28,1787886304.3557887,EURUSD,0.0,0.0001649052003673,-0.0004614,0,FLAT,0.0,0,True,0.2447172566229067,0.35,1.16508,1.16504,1.16504,-0.3433240635819512,-0.3433240635819512,0.0,-0.0,-0.0
2026-08-28,1787886336.7304804,USDCAD,-5.7759733263306885e-05,0.0004537836113471,-5.8e-05,0,FLAT,5.7759733263306885e-05,1,True,0.3560288833828791,0.3620689655172414,1.3848250105667117,1.385015016593933,1.3852850256347655,1.3720580273424154,3.321828133835414,-1.0,-1.3720580273424154,-3.321828133835414
2026-08-28,1787887688.2695005,EURUSD,0.0,0.0002332806849772,-0.0002883,0,FLAT,0.0,0,True,0.2828804816281958,0.35,1.16504,1.1649107793807985,1.1649107793807985,-1.1091517819272756,-1.1091517819272756,0.0,-0.0,-0.0
2026-08-28,1787887727.1004984,USDCAD,5.774097076817179e-05,0.0003424610492279,-5.41e-05,0,FLAT,5.774097076817179e-05,1,True,0.2863830906973917,0.3620689655172414,1.3853550014877318,1.385094945678711,1.3851049592590332,-1.8771781149351519,-1.8048964231553999,1.0,-1.8771781149351519,-1.8048964231553999
2026-08-28,1787888796.888632,EURUSD,0.0,0.0002332350209266,-0.0001638,0,FLAT,0.0,0,True,0.2828538243095142,0.35,1.1649107793807985,1.1647456601715087,1.16461,-1.4174408221845347,-2.5819950001526593,0.0,-0.0,-0.0
2026-08-28,1787888841.7415495,USDCAD,3.606143375345682e-05,0.0005634473850039,-5.01e-05,1,DOWN,3.606143375345682e-05,1,True,0.4282503640827368,0.3620689655172414,1.3851249864196775,1.3847448823165895,1.385104894371033,-2.7441863139765488,-0.1450558530213808,1.0,-2.7441863139765488,-0.1450558530213808
2026-08-28,1787891313.577162,EURUSD,-0.0001164842111605,0.0001647335512257,-4.19e-05,0,FLAT,0.0001164842111605,0,True,0.2566643195815758,0.35,1.164555,1.164605,1.164605,0.42934854944443046,0.42934854944443046,-1.0,-0.42934854944443046,-0.42934854944443046
2026-08-28,1787891380.4821825,USDCAD,0.0002238562918941,0.0003520642800742,-4.48e-05,1,UP,0.0002238562918941,1,True,0.3113184605716944,0.3620689655172414,1.385255092048645,1.3857150422286988,1.3857950316619874,3.3203283835137043,3.8977630650238737,1.0,3.3203283835137043,3.8977630650238737
2026-08-28,1787892353.4580138,EURUSD,0.0,0.0,-7.6e-06,0,FLAT,0.0,0,False,0.1677648003425119,0.35,1.164605,1.16446,1.16446,-1.2450573370359486,-1.2450573370359486,0.0,-0.0,-0.0
2026-08-28,1787892402.0984566,USDCAD,-6.494660649012726e-05,0.0003518006460781,-3.7e-05,0,FLAT,6.494660649012726e-05,1,False,0.2927276812356329,0.3620689655172414,1.385755096549988,1.3853750135803224,1.3854049351119997,-2.742786013285592,-2.5268637933217875,-1.0,2.742786013285592,2.5268637933217875
2026-08-28,1787893568.3824618,EURUSD,0.0,0.0001649109782977,-7e-07,0,FLAT,0.0,0,False,0.2447203299458988,0.35,1.164385,1.164385,1.164385,0.0,0.0,0.0,0.0,0.0
2026-08-28,1787893603.3902829,USDCAD,0.0,0.0003368074197159,-1.82e-05,0,FLAT,0.0,1,False,0.2766655975336003,0.3620689655172414,1.3857599879074098,1.3857200527954103,1.3857000256347658,-0.2881820253719525,-0.4327031604844933,0.0,-0.0,-0.0
2026-08-28,1787894921.7778687,EURUSD,0.0,0.0,1e-07,0,FLAT,0.0,0,False,0.1677648003425119,0.35,1.164385,1.164385,1.164385,0.0,0.0,0.0,0.0,0.0
2026-08-28,1787894975.6919255,USDCAD,5.772617632046024e-05,0.0004840960802956,-5.7e-06,0,FLAT,5.772617632046024e-05,1,False,0.3762660595945141,0.3620689655172414,1.385710039215088,1.3854599894332886,1.3855100573349,-1.8044884912649106,-1.4431726301222803,1.0,-1.8044884912649106,-1.4431726301222803
2026-08-28,1787896130.5563867,EURUSD,0.0,0.0001165012168438,2.1e-06,1,UP,0.0,0,False,0.219893786621201,0.35,1.164385,1.1647656601715088,1.16463,3.2691950815988413,2.104115047858457,0.0,0.0,0.0
2026-08-28,1787897571.0465655,USDCAD,-8.658999517968275e-05,0.000591726044352,0.0002239,1,DOWN,8.658999517968275e-05,1,False,0.4551692273897462,0.3620689655172414,1.3849100347137453,1.3847800226593017,1.3847800226593017,-0.9387761745149881,-0.9387761745149881,-1.0,0.9387761745149881,0.9387761745149881
2026-08-28,1787898778.4663486,EURUSD,0.0002330623309228,0.0002605882168951,0.0001392,0,FLAT,0.0002330623309228,0,False,0.3266506883536491,0.35,1.1648007793807984,1.164725,1.164725,-0.6505780399512773,-0.6505780399512773,1.0,-0.6505780399512773,-0.6505780399512773
2026-08-28,1787898827.8540602,USDCAD,0.0002960037465104,0.0005763065162593,0.0004485,1,DOWN,0.0002960037465104,1,False,0.472793177702752,0.3620689655172414,1.3851899834060668,1.384995003013611,1.3850050165939332,-1.407607583014947,-1.3353172802965663,1.0,-1.407607583014947,-1.3353172802965663
2026-08-28,1787900023.304373,EURUSD,0.0,0.0003296021760915,0.000471,0,FLAT,0.0,0,False,0.3423082962880108,0.35,1.164725,1.1645757793807985,1.16444,-1.281166105316922,-2.4469295327234075,0.0,-0.0,-0.0
2026-08-28,1787901435.4521656,EURUSD,0.0,0.0002331382040248,0.0008937,0,FLAT,0.0,0,False,0.2827973105054031,0.35,1.16444,1.1643393398284911,1.164475,-0.8644513371991458,0.30057366631197624,0.0,-0.0,0.0
2026-08-28,1787901495.1652489,USDCAD,0.0003970215343199,0.0003686020324682,0.0007412,0,FLAT,0.0003970215343199,1,False,0.3427476888234104,0.3620689655172414,1.3856700679016112,1.385439978866577,1.385370003013611,-1.6604893211169536,-2.165485817664514,1.0,-1.6604893211169536,-2.165485817664514
2026-08-28,1787904278.094442,EURUSD,0.0001165720502375,0.0003684367048077,0.0010676,0,FLAT,0.0001165720502375,0,False,0.3829337636988868,0.35,1.1648357793807984,1.164565,1.164565,-2.324614212505516,-2.324614212505516,1.0,-2.324614212505516,-2.324614212505516
2026-08-28,1787904329.1448371,USDCAD,6.496489395944932e-05,0.0003487368834133,0.000763,0,FLAT,6.496489395944932e-05,1,False,0.2909076677037495,0.3620689655172414,1.385455,1.3854600482940675,1.385420113182068,0.03643780611684022,-0.2518076583657436,1.0,0.03643780611684022,-0.2518076583657436
2026-08-28,1787906670.901799,EURUSD,0.0001165995792281,0.0002855148351186,0.0012039,0,FLAT,0.0001165995792281,0,False,0.3283336598541384,0.35,1.1645607793807984,1.16445,1.16445,-0.9512546082590667,-0.9512546082590667,1.0,-0.9512546082590667,-0.9512546082590667
2026-08-28,1787906792.8657887,USDCAD,4.336009620789203e-05,0.0005409485470836,0.000757,0,FLAT,4.336009620789203e-05,1,False,0.4134494410466942,0.3620689655172414,1.3856700000000002,1.3854250075531005,1.3851850392532348,-1.7680432346789399,-3.499828579426323,1.0,-1.7680432346789399,-3.499828579426323
2026-08-28,1787907626.877626,EURUSD,0.0,0.0002230580546953,0.0012622,1,DOWN,0.0,0,False,0.276950944653379,0.35,1.16445,1.164215,1.164215,-2.018120142556201,-2.018120142556201,0.0,-0.0,-0.0
2026-08-28,1787909489.5190854,USDCAD,0.000187643774338,0.0004954382712415,0.000743,1,UP,0.000187643774338,1,False,0.4010023985458977,0.3620689655172414,1.38571,1.3859999305725097,1.3859999305725097,2.0922889530261557,2.0922889530261557,1.0,2.0922889530261557,2.0922889530261557
2026-08-28,1787910603.707193,USDCAD,2.8811757689624837e-05,0.0003485072648204,0.0007367,0,FLAT,2.8811757689624837e-05,1,False,0.2866855164595972,0.3620689655172414,1.3857,1.385850039215088,1.385819998474121,1.082768384845778,0.8659772975483371,1.0,1.082768384845778,0.8659772975483371
2026-08-28,1787911734.4501314,USDCAD,-0.0001371255020137,0.0005377526616837,0.0007296,1,DOWN,0.0001371255020137,1,False,0.4237691709617489,0.3620689655172414,1.3856399924468994,1.3850749969863894,1.385314965286255,-4.077505438568885,-2.345682590110254,-1.0,4.077505438568885,2.345682590110254
2026-08-28,1787912666.2282789,EURUSD,0.0,0.0002330726205454,0.0014402,1,UP,0.0,0,False,0.2827590321094719,0.35,1.16417,1.16462,1.16462,3.8654148449124293,3.8654148449124293,0.0,0.0,0.0
2026-08-28,1787913933.4624295,EURUSD,0.0,0.0002330269859844,0.0014613,1,UP,0.0,0,False,0.2827323989335908,0.35,1.16462,1.1648807793807985,1.1648807793807985,2.239179996896823,2.239179996896823,0.0,0.0,0.0
2026-08-28,1787913988.012019,USDCAD,0.000129992179647,0.0006827349943344,0.000714,0,FLAT,0.000129992179647,1,False,0.5264713288555959,0.3620689655172414,1.384835054321289,1.3845250618743896,1.384595037727356,-2.2384792032248413,-1.7331782090879155,1.0,-2.2384792032248413,-1.7331782090879155
2026-08-28,1787915096.253925,EURUSD,0.0001165675467311,0.000260625419877,0.0014171,0,FLAT,0.0001165675467311,0,False,0.3127324517101783,0.35,1.1648807793807985,1.164675,1.164675,-1.7665273944000859,-1.7665273944000859,1.0,-1.7665273944000859,-1.7665273944000859
2026-08-28,1787915146.450367,USDCAD,-6.500947046773001e-05,0.0003011247813871,0.0006895,0,FLAT,6.500947046773001e-05,1,False,0.2634772352147846,0.3620689655172414,1.3844150317001342,1.3847650422668458,1.3849450482940675,2.5282199246401404,3.828451597223115,-1.0,-2.5282199246401404,-3.828451597223115
2026-08-28,1787916354.631567,EURUSD,0.0,0.0002018105521743,0.001361,0,FLAT,0.0,0,False,0.2648749804185357,0.35,1.164675,1.1649057793807984,1.16477,1.9814916676197392,0.8156781934887114,0.0,0.0,0.0
2026-08-28,1787916392.0253644,USDCAD,6.498459223972235e-05,0.0004809728512718,0.0006654,1,DOWN,6.498459223972235e-05,1,False,0.3750948530155442,0.3620689655172414,1.3850350513076783,1.384719888343811,1.385139981880188,-2.2754872778840696,0.7576022889144163,1.0,-2.2754872778840696,0.7576022889144163
2026-08-28,1787917519.2342846,EURUSD,0.0,0.0003494880253492,0.001293,1,DOWN,0.0,0,False,0.3553058384698534,0.35,1.16477,1.164435,1.1645707793807984,-2.8761042952685223,-1.7103859062439497,0.0,-0.0,-0.0
2026-08-28,1787917560.5958543,USDCAD,-0.0001588022702938,0.0006325107725805,0.0006374,0,FLAT,0.0001588022702938,1,False,0.4943263070976172,0.3620689655172414,1.38489,1.385225037727356,1.3848449985122682,2.4192371044340355,-0.3249462970478234,-1.0,-2.4192371044340355,0.3249462970478234
2026-08-28,1787918924.0760634,EURUSD,-0.0001165985779461,0.0003297905805698,0.0011892,0,FLAT,0.0001165985779461,0,False,0.3570214794497184,0.35,1.164435,1.1643555409622193,1.1643555409622193,-0.6823827674440341,-0.6823827674440341,-1.0,0.6823827674440341,0.6823827674440341
2026-08-28,1787918966.205656,USDCAD,0.0001227134210743,0.0004917023612703,0.000603,1,DOWN,0.0001227134210743,1,False,0.3898901307135888,0.3620689655172414,1.385364989433289,1.3848550226593015,1.3848750498199462,-3.6811004888759324,-3.5365381475616076,1.0,-3.6811004888759324,-3.5365381475616076
2026-08-28,1787920215.987285,EURUSD,0.0,0.0002017911317522,0.0010076,1,DOWN,0.0,0,False,0.2648640982613328,0.35,1.1643555409622193,1.163918798866272,1.1640544590377808,-3.750934148398777,-2.585824637288958,0.0,-0.0,-0.0
2026-08-28,1787920259.532772,USDCAD,0.0003248971578794,0.0003012905770172,0.0005273,0,FLAT,0.0003248971578794,1,False,0.2922515694201686,0.3620689655172414,1.3853250648880004,1.385410037727356,1.3852500588607788,0.613378343532478,-0.5414326869757069,1.0,0.613378343532478,-0.5414326869757069
2026-08-28,1787921302.3475912,EURUSD,0.0002329797774801,0.0003083128840188,0.0008936,1,UP,0.0002329797774801,0,False,0.3575355993060759,0.35,1.16419,1.1648157793807985,1.1648157793807985,5.375234118127903,5.375234118127903,1.0,5.375234118127903,5.375234118127903
2026-08-28,1787921429.616192,USDCAD,2.159736666437577e-05,0.0006308517463593,0.0004124,1,DOWN,2.159736666437577e-05,1,False,0.4742784328924116,0.3620689655172414,1.3854399592590332,1.3850799773788451,1.3852599834060668,-2.598321766181799,-1.2990519853539606,1.0,-2.598321766181799,-1.2990519853539606
2026-08-28,1787922344.44179,EURUSD,-0.0001165740519076,0.0004037234106714,0.0008068,1,DOWN,0.0001165740519076,0,False,0.4071969317722849,0.35,1.16468,1.164445,1.164445,-2.017721605934719,-2.017721605934719,-1.0,2.017721605934719,2.017721605934719
2026-08-28,1787922435.3969333,USDCAD,8.656936555049092e-05,0.0003506496846024,0.0003646,1,DOWN,8.656936555049092e-05,1,False,0.2945087356529208,0.3620689655172414,1.38536,1.384640090560913,1.3851,-5.196551359119006,-1.8767684933873596,1.0,-5.196551359119006,-1.8767684933873596
2026-08-28,1787923342.264988,EURUSD,0.0001165975766812,0.0002330792383133,0.0005661,1,DOWN,0.0001165975766812,0,False,0.295955727392872,0.35,1.1645807793807983,1.1640694590377807,1.1640694590377807,-4.390595758324567,-4.390595758324567,1.0,-4.390595758324567,-4.390595758324567
2026-08-28,1787923388.1206925,USDCAD,-0.0001227218368494,0.0006639554350649,0.0003014,0,FLAT,0.0001227218368494,1,False,0.5119826161453072,0.3620689655172414,1.3851,1.385209924583435,1.3849799698638916,0.7936220015536399,-0.8665810129837581,-1.0,-0.7936220015536399,0.8665810129837581
2026-08-28,1787924950.8145082,EURUSD,0.0001164303992135,0.000329377728879,0.0003484,1,DOWN,0.0001164303992135,0,False,0.3567275497239318,0.35,1.164205,1.1632279243087769,1.1617400731658936,-8.3926429728709,-21.172618517412147,1.0,-8.3926429728709,-21.172618517412147
2026-08-28,1787925006.9053998,USDCAD,0.0002166111675853,0.0007756012004741,0.0002068,1,UP,0.0002166111675853,1,False,0.6036992641776215,0.3620689655172414,1.38588,1.387039998550415,1.387960055847168,8.370122596581542,15.008917418304346,1.0,8.370122596581542,15.008917418304346
2026-08-28,1787925998.909846,EURUSD,-0.0015130658447453,0.0018665543126191,0.0002047,1,DOWN,0.0015130658447453,0,False,0.9900746166664331,0.35,1.1620104398345947,1.160874825706482,1.160874825706482,-9.772839289415858,-9.772839289415858,-1.0,9.772839289415858,9.772839289415858
2026-08-28,1787926039.1216269,USDCAD,0.0010955463920878,0.0013093367751674,7.35e-05,1,UP,0.0010955463920878,1,False,0.919870091092669,0.3620689655172414,1.3882300648880004,1.3886900271606444,1.3886699999999998,3.3133000377794097,3.169036049042173,1.0,3.3133000377794097,3.169036049042173
2026-08-28,1787927066.0320337,USDCAD,0.0002807994625488,0.0005702090925532,0.0001566,0,FLAT,0.0002807994625488,1,False,0.46633866864786,0.3620689655172414,1.3888500060272215,1.387919936676025,1.3885499577713012,-6.696686806784147,-2.160407924672869,1.0,-6.696686806784147,-2.160407924672869
2026-08-28,1787928425.1142907,EURUSD,0.0002322970032383,0.0007344842835697,4.06e-05,1,UP,0.0002322970032383,0,False,0.6547493521861973,0.35,1.160535,1.161515,1.161515,8.444381255197086,8.444381255197086,1.0,8.444381255197086,8.444381255197086
2026-08-28,1787928488.488269,USDCAD,0.0006914379814233,0.0010829748644235,0.000156,1,DOWN,0.0006914379814233,1,False,0.8273226106928125,0.3620689655172414,1.38902,1.388659969825745,1.38877,-2.591972572425494,-1.799830096037569,1.0,-2.591972572425494,-1.799830096037569
2026-08-28,1787929389.8732035,EURUSD,0.0,0.0008501047934103,2.92e-05,1,DOWN,0.0,0,False,0.699491052507882,0.35,1.161515,1.1607496514129638,1.1608844771194458,-6.589226889331945,-5.428452327815858,0.0,-0.0,-0.0
2026-08-28,1787929449.57435,USDCAD,0.0005834858660678,0.000496520685984,0.0001721,1,UP,0.0005834858660678,1,False,0.4550382827467948,0.3620689655172414,1.38877,1.3894550105667114,1.3895149728393554,4.932498302177013,5.364263624325627,1.0,4.932498302177013,5.364263624325627
2026-08-28,1787937828.9692442,EURUSD,0.0001159616608694,0.0004337429226187,-3.4e-05,0,FLAT,0.0001159616608694,0,False,0.4281232627129069,0.35,1.15863,1.1583993488693238,1.158265,-1.9907229285986983,-3.1502723043586034,1.0,-1.9907229285986983,-3.1502723043586034
2026-08-28,1787937889.0185428,USDCAD,0.0002445776103164,0.0006649332255351,-7.25e-05,1,UP,0.0002445776103164,1,True,0.5294193856645351,0.3620689655172414,1.3902600135803225,1.3905850482940676,1.390714986419678,2.337941899861473,3.2725737265781873,1.0,2.337941899861473,3.2725737265781873
2026-08-28,1787938761.3681571,EURUSD,-0.0001159847515587,0.0003084463130824,-2.79e-05,1,DOWN,0.0001159847515587,0,False,0.3429720488497971,0.35,1.158265,1.15802,1.15802,-2.1152326971807245,-2.1152326971807245,-1.0,2.1152326971807245,2.1152326971807245
2026-08-28,1787938823.31854,USDCAD,0.0001869684078157,0.0005567177246786,-0.0003074,0,FLAT,0.0001869684078157,1,True,0.4439090568648855,0.3620689655172414,1.390714986419678,1.390854927558899,1.3909649577331544,1.006253190536377,1.7974302133616504,1.0,1.006253190536377,1.7974302133616504
2026-08-28,1787939806.9030328,EURUSD,0.0,0.000366438926651,-1.51e-05,0,FLAT,0.0,0,False,0.3665570250735442,0.35,1.15802,1.15811,1.15811,0.7771886495899771,0.7771886495899771,0.0,0.0,0.0
2026-08-28,1787942462.4350336,EURUSD,-0.0001158969282513,0.0002592334614389,5.36e-05,0,FLAT,0.0001158969282513,0,False,0.3117929372288369,0.35,1.15798,1.158015,1.158015,0.3022504706473583,0.3022504706473583,-1.0,-0.3022504706473583,-0.3022504706473583
2026-08-31,1788155105.6787984,EURUSD,0.0001158282681762,0.0002007315218496,-2.36e-05,0,FLAT,0.0001158282681762,0,False,0.2790991451392418,0.3541666666666667,1.158935,1.1590894680786132,1.158955,1.3328450569982664,0.17257223226430085,1.0,1.3328450569982664,0.17257223226430085
2026-08-31,1788155137.5049489,USDCAD,-0.0004245190000212,0.0006126354348153,-9.84e-05,1,DOWN,0.0004245190000212,1,True,0.6111784433035194,0.4295774647887324,1.389435,1.38892501663208,1.389384926071167,-3.6704370331830383,-0.36039058202042007,-1.0,3.6704370331830383,0.36039058202042007
2026-08-31,1788167191.6003785,USDCAD,6.476504417676688e-05,0.0007005389280901,9.9e-06,0,FLAT,6.476504417676688e-05,1,False,0.6088308303548157,0.4295774647887324,1.3897300513076782,1.3895999320983887,1.3896600135803223,-0.9362912543131596,-0.5039664162831414,1.0,-0.9362912543131596,-0.5039664162831414
2026-08-31,1788168855.8889008,USDCAD,4.314919240464527e-05,0.000187419277179,2.07e-05,1,DOWN,4.314919240464527e-05,1,False,0.1741275659055629,0.4295774647887324,1.3896799215316773,1.3893150271606447,1.3892950000000002,-2.625743996002017,-2.7698574737478054,1.0,-2.625743996002017,-2.7698574737478054
2026-08-31,1788169689.7751706,EURUSD,0.0,0.0002320990717463,7.24e-05,0,FLAT,0.0,0,False,0.2808410802801382,0.3541666666666667,1.15974,1.1599002935028075,1.1599002935028075,1.3821503337596575,1.3821503337596575,0.0,0.0,0.0
2026-08-31,1788169787.0456345,USDCAD,-0.0001151428246417,0.0007383929249402,2.99e-05,1,DOWN,0.0001151428246417,1,False,0.6541122224175376,0.4295774647887324,1.3893150271606447,1.3889300165939331,1.3888599215316773,-2.7712258140499824,-3.275755462730512,-1.0,2.7712258140499824,3.275755462730512
2026-08-31,1788170738.8015063,EURUSD,0.0002321697597413,0.0003481594440463,7.56e-05,0,FLAT,0.0002321697597413,0,False,0.4334438575452106,0.3541666666666667,1.160035,1.160025,1.160025,-0.08620429555850073,-0.08620429555850073,1.0,-0.08620429555850073,-0.08620429555850073
2026-08-31,1788170820.2808805,USDCAD,-0.0001943916688379,0.0003592252056264,3.85e-05,0,FLAT,0.0001943916688379,1,False,0.3213181344435158,0.4295774647887324,1.38883,1.3886699698257448,1.3883599064636232,-1.1522661107210563,-3.3848169781536264,-1.0,1.1522661107210563,3.3848169781536264
2026-08-31,1788171857.4396734,EURUSD,0.0001160277545606,0.0003071493475706,8.05e-05,0,FLAT,0.0001160277545606,0,False,0.3685375555927104,0.3541666666666667,1.160025,1.1598695872879028,1.1598695872879028,-1.3397358858413533,-1.3397358858413533,1.0,-1.3397358858413533,-1.3397358858413533
2026-08-31,1788173474.2138736,EURUSD,0.0,0.0003282105062122,8.56e-05,0,FLAT,0.0,0,False,0.3612876654027956,0.3541666666666667,1.159735,1.15968,1.1597464124298096,-0.4742462717766127,0.09840549616502159,0.0,-0.0,0.0
2026-08-31,1788173548.6404808,USDCAD,-0.0001007495532592,0.0002806960071106,4.97e-05,1,UP,0.0001007495532592,1,False,0.2420947057938743,0.4295774647887324,1.389035003013611,1.3894599894332886,1.3892599562454224,3.059580347188895,1.6194928948753962,-1.0,-3.059580347188895,-1.6194928948753962
2026-08-31,1788174407.2778554,EURUSD,-0.0001160488054522,0.0003389499192764,8.05e-05,1,UP,0.0001160488054522,0,False,0.3975023628685047,0.3541666666666667,1.15968,1.1601502935028076,1.160285,4.055373058149403,5.216956401765671,-1.0,-4.055373058149403,-5.216956401765671
2026-08-31,1788176322.6782815,USDCAD,7.201655183169008e-05,0.0002575292283227,3.35e-05,0,FLAT,7.201655183169008e-05,1,False,0.2212508767598078,0.4295774647887324,1.3888501026153564,1.3887000407409666,1.388750108642578,-1.0804756690963035,-0.7199767101584431,1.0,-1.0804756690963035,-0.7199767101584431
2026-08-31,1788185234.8403466,EURUSD,0.0002320869815733,0.000591723880045,6.12e-05,1,UP,0.0002320869815733,0,False,0.6617398592467487,0.3541666666666667,1.159935,1.16026,1.1603947064971925,2.801881139893325,3.9632091211361242,1.0,2.801881139893325,3.9632091211361242
2026-08-31,1788185337.0334375,USDCAD,-0.0001873922214124,0.0004319497322247,2.85e-05,1,DOWN,0.0001873922214124,1,False,0.3836345261949539,0.4295774647887324,1.3873099894332888,1.3864249381637572,1.3862349185562133,-6.379621542933478,-7.749319800649523,-1.0,6.379621542933478,7.749319800649523
2026-08-31,1788186973.3018622,EURUSD,-0.0001160935290946,0.0003671242390102,4.34e-05,1,UP,0.0001160935290946,0,False,0.4237919135279517,0.3541666666666667,1.16026,1.1608005779647828,1.1612050550842286,4.659110585409909,8.145200939690955,-1.0,-4.659110585409909,-8.145200939690955
2026-08-31,1788187063.1152596,USDCAD,6.488854953003508e-05,0.0004024011278824,1.96e-05,1,DOWN,6.488854953003508e-05,1,False,0.3303032015198254,0.4295774647887324,1.387085,1.3859399939727783,1.386079945678711,-8.25476468436781,-7.245801960866771,1.0,-8.25476468436781,-7.245801960866771
2026-08-31,1788188125.3337233,EURUSD,0.0004645903439597,0.0006671836478854,3.17e-05,1,UP,0.0004645903439597,0,False,0.7662655391747971,0.3541666666666667,1.16134,1.1616300090408325,1.16136,2.497193249457741,0.1722148552518732,1.0,2.497193249457741,0.1722148552518732
2026-08-31,1788188214.8808465,USDCAD,-0.0002524667693241,0.0008675234071827,1.19e-05,0,FLAT,0.0002524667693241,1,False,0.780415240489897,0.4295774647887324,1.3861400271606446,1.3861500286865236,1.3866499924468996,0.07215379170366631,3.679031528291965,-1.0,-0.07215379170366631,-3.679031528291965
2026-08-31,1788189138.7194123,EURUSD,-0.0001161888444378,0.0006039553178673,1.9e-05,0,FLAT,0.0001161888444378,0,False,0.646995866299969,0.3541666666666667,1.16136,1.161514871749878,1.161514871749878,1.333537833902998,1.333537833902998,-1.0,-1.333537833902998,-1.333537833902998
2026-08-31,1788190478.8632789,EURUSD,0.0001162624553223,0.0003486064803942,1.56e-05,0,FLAT,0.0001162624553223,0,False,0.4065009623119349,0.3541666666666667,1.161785,1.1620051833343503,1.16187,1.8952158475982195,0.7316327891992991,1.0,1.8952158475982195,0.7316327891992991
2026-08-31,1788190652.728782,USDCAD,-5.047815805258143e-05,0.0002901005795886,-3e-07,0,FLAT,5.047815805258143e-05,1,False,0.2398126875656187,0.4295774647887324,1.3862250437545778,1.386015,1.3859849592590332,-1.515221179447801,-1.7319301553975208,-1.0,1.515221179447801,1.7319301553975208
2026-08-31,1788191590.9531124,EURUSD,0.0,0.0002846681060226,1.08e-05,0,FLAT,0.0,0,False,0.3235209718476494,0.3541666666666667,1.16187,1.161675,1.161675,-1.6783289008237556,-1.6783289008237556,0.0,-0.0,-0.0
2026-08-31,1788191686.6862311,USDCAD,4.326391576436187e-05,0.0002657687306307,-6.8e-06,1,DOWN,4.326391576436187e-05,1,False,0.2219220670751287,0.4295774647887324,1.3859949728393557,1.3856099170303344,1.3859499019241333,-2.77819051704431,-0.3251881580068616,1.0,-2.77819051704431,-0.3251881580068616
2026-08-31,1788192789.0919042,EURUSD,-0.0001162599470067,0.0002325198940136,6.5e-06,0,FLAT,0.0001162599470067,0,False,0.3044977539438674,0.3541666666666667,1.161675,1.16169,1.16169,0.12912389437458316,0.12912389437458316,-1.0,-0.12912389437458316,-0.12912389437458316
2026-08-31,1788192924.350213,USDCAD,5.057418718601705e-05,0.0007396453383375,-1.09e-05,1,UP,5.057418718601705e-05,1,False,0.640929524445567,0.4295774647887324,1.3860199969863891,1.3863949848937986,1.386464960746765,2.7055014229593333,3.2103704228170216,1.0,2.7055014229593333,3.2103704228170216
2026-08-31,1788193779.1544826,EURUSD,0.0,0.0002847849082926,-1.6e-06,1,DOWN,0.0,0,False,0.3236195252926611,0.3541666666666667,1.16169,1.161395,1.161395,-2.5394037996362417,-2.5394037996362417,0.0,-0.0,-0.0
2026-08-31,1788193879.8515756,USDCAD,4.3249249719796144e-05,0.0004285323691686,-1.44e-05,0,FLAT,4.3249249719796144e-05,1,False,0.3481788833748927,0.4295774647887324,1.386464960746765,1.3861549894332883,1.386075,-2.235695255577985,-2.8126260511840417,1.0,-2.235695255577985,-2.8126260511840417
2026-08-31,1788194995.057909,EURUSD,0.0,0.0001162879744156,-1.46e-05,1,UP,0.0,0,False,0.1999270784414838,0.3541666666666667,1.161395,1.161670064125061,1.161670064125061,2.3683942591534723,2.3683942591534723,0.0,0.0,0.0
2026-08-31,1788195097.49127,USDCAD,-7.929511747444507e-05,0.0003551545163039,-1.98e-05,0,FLAT,7.929511747444507e-05,1,False,0.2942178233395842,0.4295774647887324,1.3860450784683227,1.386149924545288,1.3861599381256102,0.756440599183339,0.8286863037265668,-1.0,-0.756440599183339,-0.8286863037265668
2026-08-31,1788196005.3817182,EURUSD,-0.0001162739590222,0.0002325479180445,-1.78e-05,0,FLAT,0.0001162739590222,0,False,0.3045235104416409,0.3541666666666667,1.161535,1.16173,1.16173,1.6788129501033033,1.6788129501033033,-1.0,-1.6788129501033033,-1.6788129501033033
2026-08-31,1788196097.613603,USDCAD,-4.3261263343238246e-05,0.0005540405891075,-3.17e-05,0,FLAT,4.3261263343238246e-05,1,False,0.4642604222505684,0.4295774647887324,1.3860199864196776,1.3860600331878663,1.3861199954605103,0.2889335549349781,0.7215555461881351,-1.0,-0.2889335549349781,-0.7215555461881351
2026-08-31,1788197111.6022675,EURUSD,0.0,0.0002599951547989,-1.31e-05,1,DOWN,0.0,0,False,0.3030633201388263,0.3541666666666667,1.161710064125061,1.161439935874939,1.161439935874939,-2.325263923107501,-2.325263923107501,0.0,-0.0,-0.0
2026-08-31,1788197272.216251,USDCAD,-5.771243337517365e-05,0.0004803508328259,-4.29e-05,0,FLAT,5.771243337517365e-05,1,True,0.3981280607334645,0.4295774647887324,1.3859600165939332,1.3857099381256104,1.3854400482940674,-1.8043700058345546,-3.7516832638762043,-1.0,1.8043700058345546,3.7516832638762043
2026-08-31,1788198231.0986452,EURUSD,0.0001162834755192,0.0002325669510384,-2.14e-05,0,FLAT,0.0001162834755192,0,False,0.3045410041004972,0.3541666666666667,1.161575,1.161670064125061,1.161535,0.8184071201688958,-0.34436002841031765,1.0,0.8184071201688958,-0.34436002841031765
2026-08-31,1788198318.0101402,USDCAD,-0.0003680831363996,0.0004576545397319,-4.92e-05,1,UP,0.0003680831363996,1,True,0.4501913392165795,0.4295774647887324,1.3852400151062012,1.386009889831543,1.386089998474121,5.557699149216777,6.136000683281129,-1.0,-5.557699149216777,-6.136000683281129
2026-08-31,1788199431.5122418,EURUSD,-0.0001162739590222,0.0002325276412465,-2.29e-05,1,UP,0.0001162739590222,0,False,0.3045069555910499,0.3541666666666667,1.161535,1.161830064125061,1.161695,2.5402947398145415,1.3774875488037353,-1.0,-2.5402947398145415,-1.3774875488037353
2026-08-31,1788199528.502164,USDCAD,4.3347583729526064e-05,0.0003655962778714,-5.64e-05,0,FLAT,4.3347583729526064e-05,1,True,0.2953417426646216,0.4295774647887324,1.3860699713134763,1.3856750814819336,1.3855850784683228,-2.8489891543392876,-3.498328765423331,1.0,-2.8489891543392876,-3.498328765423331
2026-08-31,1788200436.6508856,EURUSD,-0.000116257945566,0.0001644135633531,-2.34e-05,0,FLAT,0.000116257945566,0,False,0.2518960729147015,0.3541666666666667,1.161695,1.161585,1.161585,-0.9468922565714077,-0.9468922565714077,-1.0,0.9468922565714077,0.9468922565714077
2026-08-31,1788200592.2481165,USDCAD,-7.22683898888741e-06,0.000176598572501,-5.37e-05,0,FLAT,7.22683898888741e-06,1,True,0.1633939670099078,0.4295774647887324,1.385615,1.385584983406067,1.3860049577331544,-0.21663011682937494,2.814329616482869,-1.0,0.21663011682937494,-2.814329616482869
2026-08-31,1788201699.31945,EURUSD,0.0,0.000367717471017,-3.1e-05,0,FLAT,0.0,0,False,0.3971202514945491,0.3541666666666667,1.161585,1.161675064125061,1.161675064125061,0.7753554415823594,0.7753554415823594,0.0,0.0,0.0
2026-08-31,1788201835.2688787,USDCAD,0.0003030566131504,0.0006258805575092,-5.13e-05,0,FLAT,0.0003030566131504,1,True,0.5952194812735239,0.4295774647887324,1.3860049577331544,1.3855549562454224,1.3855050075531006,-3.2467523670909326,-3.6071312534946554,1.0,-3.2467523670909326,-3.6071312534946554
2026-08-31,1788202930.0745945,EURUSD,-0.000116273458535,0.0003076459873444,-5.22e-05,0,FLAT,0.000116273458535,0,True,0.3690386799450282,0.3541666666666667,1.16167,1.16167,1.16167,0.0,0.0,-1.0,-0.0,-0.0
2026-08-31,1788203068.0305977,USDCAD,-0.000108244576561,0.0003858563115206,-4.58e-05,0,FLAT,0.000108244576561,1,True,0.3255094069209974,0.4295774647887324,1.3853550422668457,1.385514983406067,1.3855249969863892,1.1545137119473026,1.226795401598757,-1.0,-1.1545137119473026,-1.226795401598757
2026-08-31,1788204028.1351843,EURUSD,0.0,0.0002325208947554,-5.77e-05,0,FLAT,0.0,0,True,0.2811696289589808,0.3541666666666667,1.16167,1.161665064125061,1.161800128250122,-0.042489475832185875,1.1201825830231549,0.0,-0.0,0.0
2026-08-31,1788204154.4586112,USDCAD,4.336244038945514e-05,0.0004591620928781,-4.94e-05,0,FLAT,4.336244038945514e-05,1,True,0.375459598423606,0.4295774647887324,1.385595092048645,1.385435107154846,1.3857851056289672,-1.1546294780995225,1.3713499810474872,1.0,-1.1546294780995225,1.3713499810474872
2026-08-31,1788205340.6811018,EURUSD,-0.0002325354008495,0.0002847855023287,-6.06e-05,0,FLAT,0.0002325354008495,0,True,0.3747789841686667,0.3541666666666667,1.16159,1.161725064125061,1.161725064125061,1.1627521333767987,1.1627521333767987,-1.0,-1.1627521333767987,-1.1627521333767987
2026-08-31,1788205470.241376,USDCAD,2.159152131960797e-05,0.0003923718640809,-4.07e-05,0,FLAT,2.159152131960797e-05,1,True,0.3127167332415815,0.4295774647887324,1.3858150271606444,1.3859099381256104,1.3859600060272217,0.6848746990462118,1.0461631872638044,1.0,0.6848746990462118,1.0461631872638044
2026-08-31,1788206395.199649,EURUSD,-0.0002325233910164,0.0002325233914092,-6.41e-05,0,FLAT,0.0002325233910164,0,True,0.3288804291080242,0.3541666666666667,1.16159,1.161600064125061,1.161600064125061,0.08664094096166863,0.08664094096166863,-1.0,-0.08664094096166863,-0.08664094096166863
2026-08-31,1788206491.060601,USDCAD,5.049728343246878e-05,0.0005975995069454,-3.23e-05,1,UP,5.049728343246878e-05,1,False,0.5079327001066928,0.4295774647887324,1.3857699864196775,1.3862699713134767,1.3859400000000002,3.60799338056772,1.2268528109915522,1.0,3.60799338056772,1.2268528109915522
2026-08-31,1788207693.8970509,USDCAD,-5.047907015749493e-05,0.0006583430231083,-2.29e-05,1,DOWN,5.047907015749493e-05,1,False,0.5660823234363122,0.4295774647887324,1.3861999954605104,1.3853850422668457,1.3856149969863891,-5.879044844420145,-4.2201592557855605,-1.0,5.879044844420145,4.2201592557855605
2026-08-31,1788210599.5330863,EURUSD,-0.0002324218020705,0.0004190204851238,-8.15e-05,0,FLAT,0.0002324218020705,0,True,0.5014006955553002,0.3541666666666667,1.1615849358749388,1.161705,1.161840064125061,1.0336232965246772,2.1963804991154134,-1.0,-1.0336232965246772,-2.1963804991154134
2026-08-31,1788210682.894632,USDCAD,-0.0001082332525718,0.000563552738834,-3.4e-06,0,FLAT,0.0001082332525718,1,False,0.4891142337696565,0.4295774647887324,1.3854999939727783,1.3854200286865233,1.3857200784683226,-0.5771583298663785,1.5884842764468665,-1.0,0.5771583298663785,-1.5884842764468665
2026-08-31,1788211573.124957,EURUSD,0.0001162569448714,0.0002017920637468,-0.0001195,0,FLAT,0.0001162569448714,0,True,0.2800062610428597,0.3541666666666667,1.161705,1.16184,1.1619650090408324,1.1620850388016635,2.238167528179069,1.0,1.1620850388016635,2.238167528179069
2026-08-31,1788211667.4349017,USDCAD,-7.20879963694004e-05,0.0005772170571527,0.0,0,FLAT,7.20879963694004e-05,1,False,0.4935223476414405,0.4295774647887324,1.3857200784683226,1.3855750271606446,1.3855449864196778,-1.0467576383699218,-1.2635455844611787,-1.0,1.0467576383699218,1.2635455844611787
2026-08-31,1788217305.823142,EURUSD,-0.0001162749600097,0.0003076039715341,-0.0002095,0,FLAT,0.0001162749600097,0,True,0.3690013044269086,0.3541666666666667,1.161495,1.1613600550842285,1.1613600550842285,-1.1618208926555962,-1.1618208926555962,-1.0,1.1618208926555962,1.1618208926555962
2026-08-31,1788218425.590278,EURUSD,0.0001161888389272,0.0001643253790268,-0.0002226,0,FLAT,0.0001161888389272,0,True,0.2518193940804675,0.3541666666666667,1.161495,1.161675064125061,1.161675064125061,1.5502789513610615,1.5502789513610615,1.0,1.5502789513610615,1.5502789513610615
2026-08-31,1788219689.4072273,EURUSD,-0.000116273458535,0.0002599555132638,-0.000204,1,UP,0.000116273458535,0,True,0.3273507188541483,0.3541666666666667,1.16154,1.161850064125061,1.161715,2.6694227065893195,1.5066205210323425,-1.0,-2.6694227065893195,-1.5066205210323425
2026-08-31,1788220649.6189542,EURUSD,-0.0001162559441941,0.0002013690063813,-0.0001818,1,UP,0.0001162559441941,0,True,0.2796773887972671,0.3541666666666667,1.161715,1.1621751833343503,1.16204,3.9612412196654567,2.797588048704114,-1.0,-3.9612412196654567,-2.797588048704114
2026-08-31,1788220744.655885,USDCAD,-6.49655970671831e-05,0.0003618325058334,2.3e-06,1,DOWN,6.49655970671831e-05,1,False,0.2966851575968279,0.4295774647887324,1.3852600000000002,1.3846750241470338,1.3846750241470338,-4.222859628996156,-4.222859628996156,-1.0,4.222859628996156,4.222859628996156
2026-09-01,1788221660.3235226,EURUSD,0.0,0.0003288326846955,-0.0001491,0,FLAT,0.0,0,True,0.3324649466035668,0.3348623853211009,1.16204,1.16225,1.162385064125061,1.8071667068264574,2.9694685644310326,0.0,0.0,0.0
2026-09-01,1788221762.7685251,USDCAD,2.169539156630016e-05,0.0004813960072907,4e-07,0,FLAT,2.169539156630016e-05,1,False,0.3935592543341314,0.4238095238095238,1.384745,1.3845450120925902,1.3848449426651,-1.444221913852184,0.7217405738968452,1.0,-1.444221913852184,0.7217405738968452
2026-09-01,1788225767.1977327,EURUSD,-0.0001162038523297,0.000307513892015,-0.0001575,0,FLAT,0.0001162038523297,0,True,0.3428177172572328,0.3348623853211009,1.16121,1.1611699449157715,1.1611699449157715,-0.3449426393897781,-0.3449426393897781,-1.0,0.3449426393897781,0.3449426393897781
2026-09-01,1788225851.231902,USDCAD,7.938198150420679e-05,0.0005185752294271,-2.55e-05,1,DOWN,7.938198150420679e-05,1,False,0.4345014187346835,0.4238095238095238,1.3861400211334227,1.3858249336242676,1.3860249668121338,-2.2731290082622646,-0.8300339037525806,1.0,-2.2731290082622646,-0.8300339037525806
2026-09-01,1788226752.066318,EURUSD,0.0,0.0003485452207031,-0.0001781,0,FLAT,0.0,0,True,0.3459594458106745,0.3348623853211009,1.161035,1.160815174293518,1.160815174293518,-1.893359859798105,-1.893359859798105,0.0,-0.0,-0.0
2026-09-01,1788226852.9773045,USDCAD,-0.0002452648476552,0.0005466706116161,-7.04e-05,0,FLAT,0.0002452648476552,1,True,0.49533666515308,0.4238095238095238,1.3860249668121338,1.3864250709152222,1.3863050271606443,2.88670199071861,2.0206010368961635,-1.0,-2.88670199071861,-2.0206010368961635
2026-09-01,1788232830.1744342,EURUSD,-0.0001161397086764,0.0002597023166787,-0.0002008,0,FLAT,0.0001161397086764,0,True,0.3106978074193662,0.3348623853211009,1.160825,1.160839825706482,1.160705,0.12771698130187303,-1.0337475502331106,-1.0,-0.12771698130187303,1.0337475502331106
2026-09-01,1788232929.3113008,USDCAD,0.0002091074215191,0.0002284338469955,-0.0001673,0,FLAT,0.0002091074215191,1,True,0.2639890292792215,0.4238095238095238,1.3865949999999998,1.3865550271606444,1.3866050950622557,-0.28828056754415243,0.07280469247250565,1.0,-0.28828056754415243,0.07280469247250565
2026-09-01,1788237951.592392,EURUSD,0.0001160839955345,0.0002011042858793,-6.65e-05,0,FLAT,0.0001160839955345,0,True,0.2737073885038297,0.3348623853211009,1.16049,1.160635,1.160635,1.2494722057065921,1.2494722057065921,1.0,1.2494722057065921,1.2494722057065921
2026-09-01,1788238010.5292606,USDCAD,-0.0001802021824255,0.0005575546331974,-4.39e-05,1,DOWN,0.0001802021824255,1,True,0.4880550555828954,0.4238095238095238,1.3871050497817992,1.3865800950622558,1.386150107154846,-3.78453470143425,-6.884429027947947,-1.0,3.78453470143425,6.884429027947947
2026-09-01,1788238875.5160434,EURUSD,0.0001160694921323,0.0002321389842645,-1.1e-05,0,FLAT,0.0001160694921323,0,False,0.2929467024493317,0.3348623853211009,1.160635,1.16068,1.16068,0.3877187918677194,0.3877187918677194,1.0,0.3877187918677194,0.3877187918677194
2026-09-01,1788239357.499727,USDCAD,-1.435831728551204e-05,0.0006213451138006,0.0002316,0,FLAT,1.435831728551204e-05,1,False,0.497012190749874,0.4238095238095238,1.3865001056289672,1.3866300407409669,1.3866100135803223,0.9371446238781722,0.7927006345620491,-1.0,-0.9371446238781722,-0.7927006345620491
2026-09-01,1788239941.0628717,EURUSD,0.0,0.0002844965335782,-1.6e-06,0,FLAT,0.0,0,False,0.3031215458396432,0.3348623853211009,1.16068,1.160765,1.160765,0.7323293241912054,0.7323293241912054,0.0,0.0,0.0
2026-09-01,1788240516.2598565,USDCAD,-0.0002813350744518,0.0004282433169217,0.0002997,0,FLAT,0.0002813350744518,1,False,0.4144027324967493,0.4238095238095238,1.3862399879455567,1.386474983406067,1.3865549728393556,1.695200416622633,2.272224842292392,-1.0,-1.695200416622633,-2.272224842292392
2026-09-01,1788240914.2610168,EURUSD,0.0,0.000201209223783,1.7e-06,0,FLAT,0.0,0,False,0.2522083905921243,0.3348623853211009,1.160765,1.16091,1.16091,1.2491761898414389,1.2491761898414389,0.0,0.0,0.0
2026-09-01,1788241490.7929175,USDCAD,2.1665975736578262e-05,0.0004426896206808,0.0004078,0,FLAT,2.1665975736578262e-05,1,False,0.3657187686470846,0.4238095238095238,1.3865549728393556,1.3865949894332883,1.386625030174255,0.2886044528827014,0.5052618631928851,1.0,0.2886044528827014,0.5052618631928851
2026-09-01,1788241887.9410589,EURUSD,0.000116144693627,0.0002597194974541,2.17e-05,0,FLAT,0.000116144693627,0,False,0.3107100697726125,0.3348623853211009,1.16091,1.160745,1.1607689451980592,-1.421298808694793,-1.215036496722277,1.0,-1.421298808694793,-1.215036496722277
2026-09-01,1788242447.4691594,USDCAD,0.0001226019032628,0.0004034248236181,0.0006668,1,DOWN,0.0001226019032628,1,False,0.3603639058017878,0.4238095238095238,1.386625030174255,1.3862400996017454,1.3859600769805906,-2.7760249824804184,-4.7954795218208,1.0,-2.7760249824804184,-4.7954795218208
2026-09-01,1788242819.2763186,EURUSD,0.000116161204564,0.0003180535468732,0.0001584,0,FLAT,0.000116161204564,0,False,0.3500973592006197,0.3348623853211009,1.160745,1.1606341194915772,1.1606341194915772,-0.9552529489476047,-0.9552529489476047,1.0,-0.9552529489476047,-0.9552529489476047
2026-09-01,1788243745.6343389,USDCAD,0.0003174064222144,0.000409259189003,0.0007334,1,UP,0.0003174064222144,1,False,0.4087354658804296,0.4238095238095238,1.3864600407409666,1.3867600105667113,1.3867999456787108,2.163566326689459,2.4516028428944736,1.0,2.163566326689459,2.4516028428944736
2026-09-01,1788244220.19784,EURUSD,-0.0002321795846482,0.0003283937578069,0.0004978,0,FLAT,0.0002321795846482,0,False,0.3832454690474174,0.3348623853211009,1.16023,1.160255,1.160255,0.2154745179838713,0.2154745179838713,-1.0,-0.2154745179838713,-0.2154745179838713
2026-09-01,1788245453.7554376,EURUSD,0.0,0.0002596363418089,0.0008335,0,FLAT,0.0,0,False,0.2873253637940032,0.3348623853211009,1.160255,1.1604247064971924,1.1604247064971924,1.4626655105343112,1.4626655105343112,0.0,0.0,0.0
2026-09-01,1788246438.6240509,EURUSD,-0.0002321675797546,0.0002595802872345,0.00091,1,DOWN,0.0002321675797546,0,False,0.3349257674976197,0.3348623853211009,1.16029,1.1600045872879028,1.1600045872879028,-2.4598394547681313,-2.4598394547681313,-1.0,2.4598394547681313,2.4598394547681313
2026-09-01,1788246472.1353545,USDCAD,0.0001226041210803,0.0005181946001983,0.0008599,0,FLAT,0.0001226041210803,1,False,0.4444226453659239,0.4238095238095238,1.386599948692322,1.3866050045394895,1.3868050377273555,0.03646219064457057,1.4790786284613056,1.0,0.03646219064457057,1.4790786284613056
2026-09-01,1788247462.3723578,EURUSD,-0.0002321488858048,0.000284374057818,0.0009883,1,DOWN,0.0002321488858048,0,False,0.3519957968454398,0.3348623853211009,1.15987,1.15952,1.15952,-3.017579556328087,-3.017579556328087,-1.0,3.017579556328087,3.017579556328087
2026-09-01,1788247520.875612,USDCAD,0.0002523948546786,0.0006519950883557,0.0009202,1,UP,0.0002523948546786,1,False,0.5768568309220892,0.4238095238095238,1.3868850271606443,1.3873400482940674,1.387379983406067,3.2808857584587514,3.5688340109629735,1.0,3.2808857584587514,3.5688340109629735
